height,gender,predicted_gender,height_quantized
154.42569747272142,F,F,154.0
151.69629966814003,F,F,151.5
152.72595380190458,F,F,152.5
151.74578412461045,F,F,151.5
147.24851510022629,F,F,147.0
142.48990308267247,F,F,142.0
151.27877614650467,F,F,151.0
148.12664700567072,F,F,148.0
150.2386460129314,F,F,150.0
155.99885340109043,F,F,155.5
150.70821174454292,F,F,150.5
148.77028647294486,F,F,148.5
151.48010681837314,F,F,151.0
154.7330946284369,F,F,154.5
146.11204568622637,F,F,146.0
149.10930149289416,F,F,149.0
148.74385114203199,F,F,148.5
148.0067468367027,F,F,148.0
154.81157807818272,F,F,154.5
153.98185303477982,F,F,153.5
147.65103077631292,F,F,147.5
152.792640842055,F,F,152.5
153.88772302843398,F,F,153.5
155.29015146168013,F,F,155.0
148.3770997643274,F,F,148.0
155.8451065668933,F,F,155.5
148.3634525167121,F,F,148.0
156.78723413663266,F,F,156.5
150.54825955138358,F,F,150.5
149.10386440752453,F,F,149.0
145.87224330884484,F,F,145.5
144.45153077889628,F,F,144.0
144.5416840342108,F,F,144.5
145.654790810071,F,F,145.5
150.60097251307062,F,F,150.5
146.8108851059257,F,F,146.5
152.31133505891495,F,F,152.0
151.97374388016362,F,F,151.5
161.77185139212466,F,M,161.5
144.1370867764516,F,F,144.0
152.8502247800317,F,F,152.5
158.54982465205828,F,M,158.5
146.99325678665494,F,F,146.5
146.82468836152566,F,F,146.5
147.8626874063428,F,F,147.5
147.67967997539031,F,F,147.5
145.9893571102623,F,F,145.5
146.79330820850092,F,F,146.5
156.07778508261333,F,F,156.0
164.33015587941182,F,M,164.0
147.11006667315235,F,F,147.0
147.57972096739755,F,F,147.5
154.94550617382683,F,F,154.5
145.57584853228929,F,F,145.5
139.4922525389111,F,F,139.0
154.77708164682423,F,F,154.5
154.84587300458935,F,F,154.5
160.15626893053815,F,M,160.0
158.91209002081166,F,M,158.5
156.42381744078205,F,F,156.0
155.53256000394006,F,F,155.5
153.8259884441979,F,F,153.5
151.00894769147135,F,F,151.0
147.5430500121793,F,F,147.5
161.66050876750595,F,M,161.5
153.89779458845464,F,F,153.5
145.48867830397256,F,F,145.0
157.63243363116035,F,F,157.5
148.10774416465296,F,F,148.0
150.13542618635617,F,F,150.0
163.5355948805801,F,M,163.5
148.91502527886166,F,F,148.5
143.89932567559703,F,F,143.5
149.4778119493668,F,F,149.0
151.85265462359004,F,F,151.5
150.20641217173358,F,F,150.0
152.6975189055818,F,F,152.5
147.78723427326804,F,F,147.5
158.2607742759219,F,F,158.0
154.91214586243777,F,F,154.5
156.16572684470697,F,F,156.0
152.4785700781806,F,F,152.0
140.5561086383974,F,F,140.5
155.96838275015352,F,F,155.5
151.68155545378568,F,F,151.5
155.356699154353,F,F,155.0
145.44947754585473,F,F,145.0
145.01747286830684,F,F,145.0
148.3748800408514,F,F,148.0
151.05632124421697,F,F,151.0
147.04073528636033,F,F,147.0
152.4845871084139,F,F,152.0
155.74901454645413,F,F,155.5
155.80205880956436,F,F,155.5
145.26213050338228,F,F,145.0
151.06184211988173,F,F,151.0
146.3066680454911,F,F,146.0
149.42610356693615,F,F,149.0
152.5358210378614,F,F,152.5
146.82954083854585,F,F,146.5
152.74086351274636,F,F,152.5
160.75475166520263,F,M,160.5
155.7210590792398,F,F,155.5
149.92627142858734,F,F,149.5
149.54695839339936,F,F,149.5
147.6873417771627,F,F,147.5
152.39066162530256,F,F,152.0
158.24044744516337,F,F,158.0
155.04844452248486,F,F,155.0
151.03490957233538,F,F,151.0
144.01215879913636,F,F,144.0
152.869397950843,F,F,152.5
151.662264472185,F,F,151.5
147.69982425658748,F,F,147.5
144.21602518977895,F,F,144.0
156.19944980158405,F,F,156.0
145.17674277348686,F,F,145.0
150.47242983582763,F,F,150.0
154.00843832790903,F,F,154.0
147.6918424367292,F,F,147.5
151.29368181401227,F,F,151.0
156.69209193912081,F,F,156.5
156.20054534039372,F,F,156.0
149.1796012358822,F,F,149.0
153.23893525034808,F,F,153.0
150.13761328688517,F,F,150.0
155.59163913405052,F,F,155.5
147.42872231914478,F,F,147.0
153.5686742559151,F,F,153.5
152.87413243110475,F,F,152.5
145.00749090840972,F,F,145.0
149.23620991046192,F,F,149.0
154.09143587462776,F,F,154.0
151.5752059585543,F,F,151.5
153.69855007587603,F,F,153.5
154.17940469197856,F,F,154.0
148.47002690660645,F,F,148.0
148.09950336245063,F,F,148.0
156.2450404145566,F,F,156.0
142.8115918681416,F,F,142.5
142.85656804852053,F,F,142.5
148.18283686947527,F,F,148.0
156.22054112818222,F,F,156.0
157.2349966696277,F,F,157.0
153.88911584049396,F,F,153.5
152.62898760987684,F,F,152.5
157.2029219033657,F,F,157.0
151.68740583754226,F,F,151.5
157.73808159119932,F,F,157.5
146.99626210680668,F,F,146.5
147.63132072290867,F,F,147.5
153.65825877726857,F,F,153.5
157.43732705325803,F,F,157.0
150.88437216292058,F,F,150.5
143.96922124678576,F,F,143.5
153.43213483418253,F,F,153.0
145.360629629848,F,F,145.0
155.79519052026805,F,F,155.5
149.55702098518444,F,F,149.5
151.14952696538674,F,F,151.0
151.26383048398853,F,F,151.0
145.82244117172687,F,F,145.5
155.31516091450723,F,F,155.0
151.1302420894921,F,F,151.0
149.63444609369574,F,F,149.5
148.72180488340382,F,F,148.5
160.06606818818727,F,M,160.0
155.20331784387625,F,F,155.0
160.00582530914184,F,M,160.0
146.33589998688407,F,F,146.0
151.9505350898203,F,F,151.5
151.02576453584217,F,F,151.0
145.19968989734753,F,F,145.0
146.49586772521843,F,F,146.0
148.7621173485413,F,F,148.5
153.17583554173615,F,F,153.0
152.49415949685195,F,F,152.0
143.3545991367127,F,F,143.0
157.63121809006552,F,F,157.5
155.33563468004394,F,F,155.0
149.50944259322281,F,F,149.5
153.94277939997218,F,F,153.5
154.04388062083422,F,F,154.0
148.99617089525964,F,F,148.5
155.01757144184768,F,F,155.0
161.6841616219346,F,M,161.5
149.12559397132654,F,F,149.0
154.1707251543472,F,F,154.0
150.09346215593493,F,F,150.0
150.0909168507556,F,F,150.0
152.31555814857367,F,F,152.0
151.71295234396754,F,F,151.5
148.62720072122386,F,F,148.5
156.31879022289112,F,F,156.0
143.86531993596924,F,F,143.5
154.5118028970318,F,F,154.5
146.83245116673933,F,F,146.5
155.3648322207915,F,F,155.0
154.56840858932412,F,F,154.5
158.7703153591416,F,M,158.5
151.23579026295238,F,F,151.0
160.3842590514438,F,M,160.0
153.1014477591381,F,F,153.0
151.82085273942414,F,F,151.5
148.4209008398982,F,F,148.0
156.8243136619313,F,F,156.5
153.75381043499493,F,F,153.5
158.51564857826588,F,M,158.5
158.25848941643721,F,F,158.0
151.19106014458035,F,F,151.0
152.5236861368256,F,F,152.5
148.026651529509,F,F,148.0
159.18030002824014,F,M,159.0
154.56809445970583,F,F,154.5
166.60563980896836,F,M,166.5
147.4060155090094,F,F,147.0
148.38882439143413,F,F,148.0
154.44003309086116,F,F,154.0
160.47235043256518,F,M,160.0
143.0764731977364,F,F,143.0
157.92645839360915,F,F,157.5
149.9939229145781,F,F,149.5
160.03177978175543,F,M,160.0
152.09084714590247,F,F,152.0
161.8261206476583,F,M,161.5
158.4948441803414,F,F,158.0
138.12852516846806,F,F,138.0
155.27471289771947,F,F,155.0
148.78345179050646,F,F,148.5
146.31097408916423,F,F,146.0
154.02243703817686,F,F,154.0
147.27846946316228,F,F,147.0
144.4642730476233,F,F,144.0
162.69867528100116,F,M,162.5
150.26373301974408,F,F,150.0
154.16572303365902,F,F,154.0
153.21889943767843,F,F,153.0
140.82535216426956,F,F,140.5
145.6103746969934,F,F,145.5
151.19895345869173,F,F,151.0
145.719526430193,F,F,145.5
141.78766839319042,F,F,141.5
151.7517450214482,F,F,151.5
150.4055627060658,F,F,150.0
150.63914805332038,F,F,150.5
155.8383214397511,F,F,155.5
149.69850478066084,F,F,149.5
148.52766974893544,F,F,148.5
153.96224730290697,F,F,153.5
159.90511587496295,F,M,159.5
141.38109739772923,F,F,141.0
156.35632692096996,F,F,156.0
159.11222270931057,F,M,159.0
143.74730904202033,F,F,143.5
144.74156571455916,F,F,144.5
153.51722391593302,F,F,153.5
149.81686065150774,F,F,149.5
153.58591236189628,F,F,153.5
148.02894761827076,F,F,148.0
148.14678165139506,F,F,148.0
145.23694829660838,F,F,145.0
149.8385260128919,F,F,149.5
152.47847046598258,F,F,152.0
149.3288701612411,F,F,149.0
151.2081622205058,F,F,151.0
154.66542115568348,F,F,154.5
152.34371001105015,F,F,152.0
154.03217022891008,F,F,154.0
145.59526332980627,F,F,145.5
153.12931477867957,F,F,153.0
155.35317396946056,F,F,155.0
150.19630087128638,F,F,150.0
160.7743773235166,F,M,160.5
152.26268816353118,F,F,152.0
153.35938337655568,F,F,153.0
153.2242914873128,F,F,153.0
153.32598904570168,F,F,153.0
151.4114096234402,F,F,151.0
151.9286778493054,F,F,151.5
153.86055374362292,F,F,153.5
153.72399813800402,F,F,153.5
146.69087548382925,F,F,146.5
137.78655969025834,F,F,137.5
143.08786514276716,F,F,143.0
147.95792653268907,F,F,147.5
154.7816401515038,F,F,154.5
150.12385808493934,F,F,150.0
157.24221012851348,F,F,157.0
156.08237285450093,F,F,156.0
151.47341135581377,F,F,151.0
158.50127713431596,F,M,158.5
158.01202230471614,F,F,158.0
151.33278963268685,F,F,151.0
154.58434710174518,F,F,154.5
150.2728577469044,F,F,150.0
152.67362842753397,F,F,152.5
153.13104829706919,F,F,153.0
147.553053831244,F,F,147.5
153.4640036994737,F,F,153.0
151.433935695939,F,F,151.0
140.8244219767867,F,F,140.5
158.18077824891165,F,F,158.0
161.31603387606006,F,M,161.0
160.65922170301127,F,M,160.5
151.28878878970775,F,F,151.0
159.59668412981682,F,M,159.5
152.8780748945985,F,F,152.5
159.9474532720472,F,M,159.5
145.96546867127253,F,F,145.5
158.6738871542479,F,M,158.5
150.8557390707761,F,F,150.5
156.97605941031225,F,F,156.5
152.15878191556973,F,F,152.0
151.328830094973,F,F,151.0
157.12450958278401,F,F,157.0
153.72434309495483,F,F,153.5
151.89271044300094,F,F,151.5
164.80458262660468,F,M,164.5
153.60452551986427,F,F,153.5
154.91974054821597,F,F,154.5
157.82369742646915,F,F,157.5
150.79684457454252,F,F,150.5
143.81374545662723,F,F,143.5
152.98564694835994,F,F,152.5
151.6738585151751,F,F,151.5
163.20346477578883,F,M,163.0
158.3554615863508,F,F,158.0
155.39614655444166,F,F,155.0
151.59119288035183,F,F,151.5
152.35471924548122,F,F,152.0
159.37148730442803,F,M,159.0
153.30076279749804,F,F,153.0
151.81720845956755,F,F,151.5
159.95956689198715,F,M,159.5
145.01741776855368,F,F,145.0
148.26777036852823,F,F,148.0
162.03588063099912,F,M,162.0
149.4931503086114,F,F,149.0
151.0711564201436,F,F,151.0
142.10541977875815,F,F,142.0
142.71533376551338,F,F,142.5
154.02905624460988,F,F,154.0
156.49738741882572,F,F,156.0
150.1125079063113,F,F,150.0
155.21915861184777,F,F,155.0
141.34594181980148,F,F,141.0
155.17848405115615,F,F,155.0
158.0630339367257,F,F,158.0
150.50596378383221,F,F,150.5
149.64620410820365,F,F,149.5
149.71750270922035,F,F,149.5
158.8502467326572,F,M,158.5
156.9155941397267,F,F,156.5
150.3420993357792,F,F,150.0
149.9303220245005,F,F,149.5
149.4602494552285,F,F,149.0
153.44328040691198,F,F,153.0
150.9220165247345,F,F,150.5
152.14828698924717,F,F,152.0
147.31559064276647,F,F,147.0
156.72791158851058,F,F,156.5
150.11641729812817,F,F,150.0
147.53828736026026,F,F,147.5
151.65164403225688,F,F,151.5
153.78163091428976,F,F,153.5
161.55617269886056,F,M,161.5
143.66200439961912,F,F,143.5
153.98323917603145,F,F,153.5
159.28275312994106,F,M,159.0
149.2481322341714,F,F,149.0
155.05757020693264,F,F,155.0
150.67417672712364,F,F,150.5
150.47280725435675,F,F,150.0
148.06984645578507,F,F,148.0
152.99279556804817,F,F,152.5
149.16662381388113,F,F,149.0
152.89981675433282,F,F,152.5
145.70718605962156,F,F,145.5
165.81631770600637,F,M,165.5
146.52824962635933,F,F,146.5
151.94122579638065,F,F,151.5
147.21113664629536,F,F,147.0
141.1507028305304,F,F,141.0
149.3477882548447,F,F,149.0
143.58860944436987,F,F,143.5
152.2004635848874,F,F,152.0
151.55398677120223,F,F,151.5
162.40676903354048,F,M,162.0
152.90697532159336,F,F,152.5
155.5994320131833,F,F,155.5
155.39378820347426,F,F,155.0
152.8730147808346,F,F,152.5
140.1601765553265,F,F,140.0
143.58372870227663,F,F,143.5
149.50874499539748,F,F,149.5
158.43027617881557,F,F,158.0
145.32641219236734,F,F,145.0
147.34953015334014,F,F,147.0
152.44074284494653,F,F,152.0
146.23124375469413,F,F,146.0
149.0258328851761,F,F,149.0
150.8155984734128,F,F,150.5
153.92087521705614,F,F,153.5
149.2557807033792,F,F,149.0
146.40760370276638,F,F,146.0
153.93669792032122,F,F,153.5
157.39415760469345,F,F,157.0
150.44730034911834,F,F,150.0
146.4254446069012,F,F,146.0
153.91880627320705,F,F,153.5
148.62956380272297,F,F,148.5
144.7605822483456,F,F,144.5
147.99130044244922,F,F,147.5
154.6875272930834,F,F,154.5
147.26072323667455,F,F,147.0
154.12735816154833,F,F,154.0
149.67404356225657,F,F,149.5
147.519160888321,F,F,147.5
170.62455391232191,F,M,170.5
154.87157541448676,F,F,154.5
152.42934539538703,F,F,152.0
155.7294922344209,F,F,155.5
150.70878677526824,F,F,150.5
148.31642199305625,F,F,148.0
155.27302786158467,F,F,155.0
160.62543280087868,F,M,160.5
154.8062274287448,F,F,154.5
151.60817889156772,F,F,151.5
150.09149563747653,F,F,150.0
149.03185864257458,F,F,149.0
147.15341274798828,F,F,147.0
143.51811295741464,F,F,143.5
150.7602656915032,F,F,150.5
155.07229777454882,F,F,155.0
159.54562731946632,F,M,159.5
150.37603831325296,F,F,150.0
156.03147784860886,F,F,156.0
157.08860819729242,F,F,157.0
154.6771664364883,F,F,154.5
155.9894973807561,F,F,155.5
151.9819213323825,F,F,151.5
152.98091953550434,F,F,152.5
148.65831072441034,F,F,148.5
148.2387078575148,F,F,148.0
150.86146435187686,F,F,150.5
156.8634973995435,F,F,156.5
141.8044917288761,F,F,141.5
143.7361228742034,F,F,143.5
143.326876473774,F,F,143.0
146.91974891126443,F,F,146.5
149.10811127203948,F,F,149.0
162.27704493488383,F,M,162.0
151.10211871018916,F,F,151.0
144.43751448122637,F,F,144.0
161.65043192345206,F,M,161.5
157.25928409026034,F,F,157.0
145.42701952829935,F,F,145.0
149.84152379037727,F,F,149.5
147.56419829921012,F,F,147.5
152.14671205620596,F,F,152.0
148.72034757682377,F,F,148.5
150.18160473426866,F,F,150.0
156.4643526803554,F,F,156.0
162.10107893705484,F,M,162.0
152.60042069476987,F,F,152.5
152.39317564233397,F,F,152.0
154.061065777762,F,F,154.0
151.52630114956642,F,F,151.5
150.3492645934666,F,F,150.0
148.78113445101678,F,F,148.5
153.40194401786098,F,F,153.0
158.9225144204076,F,M,158.5
158.5889944501345,F,M,158.5
161.34332223841105,F,M,161.0
156.3630134878636,F,F,156.0
152.82347063129103,F,F,152.5
147.0998498562382,F,F,147.0
155.27847906381677,F,F,155.0
152.16004007086588,F,F,152.0
146.9472653180161,F,F,146.5
147.52073467130182,F,F,147.5
156.5368543605988,F,F,156.5
154.4732718218798,F,F,154.0
158.06005235381235,F,F,158.0
146.8104341066044,F,F,146.5
159.62368095987853,F,M,159.5
157.5942313190014,F,F,157.5
151.65420654748152,F,F,151.5
147.4039291700396,F,F,147.0
152.51949973013728,F,F,152.5
148.92236970531312,F,F,148.5
146.86116637663673,F,F,146.5
153.594463204862,F,F,153.5
145.64979949912396,F,F,145.5
162.97756898083082,F,M,162.5
146.40638038117098,F,F,146.0
151.96538893886046,F,F,151.5
152.2769098480528,F,F,152.0
151.28917421737663,F,F,151.0
149.94919534307914,F,F,149.5
146.16606630048446,F,F,146.0
148.92854491906232,F,F,148.5
156.96053696514693,F,F,156.5
149.06938315564895,F,F,149.0
158.12536454184684,F,F,158.0
144.38701936557553,F,F,144.0
152.4080125194264,F,F,152.0
144.62073236913125,F,F,144.5
155.89066139466368,F,F,155.5
157.00537892656445,F,F,157.0
153.7155002796567,F,F,153.5
149.6284747437221,F,F,149.5
144.19691564273458,F,F,144.0
149.6110978232715,F,F,149.5
149.9378225700677,F,F,149.5
146.64189517399183,F,F,146.5
145.42103264735212,F,F,145.0
150.29358360419045,F,F,150.0
150.97405768526136,F,F,150.5
148.88024987218702,F,F,148.5
153.2830669749888,F,F,153.0
157.79580657189697,F,F,157.5
154.32687997244176,F,F,154.0
159.55898241139792,F,M,159.5
148.30599942376003,F,F,148.0
154.4469026043638,F,F,154.0
148.98829372655865,F,F,148.5
145.46780384660727,F,F,145.0
158.15107822226446,F,F,158.0
153.06376773136463,F,F,153.0
144.6518273829582,F,F,144.5
155.72410062139957,F,F,155.5
148.1621579322535,F,F,148.0
154.41656878776138,F,F,154.0
147.71542424875,F,F,147.5
147.58199298076303,F,F,147.5
152.39511425161982,F,F,152.0
153.74881578772994,F,F,153.5
153.18731679237698,F,F,153.0
151.3757195775144,F,F,151.0
144.91083952619286,F,F,144.5
156.97873308315093,F,F,156.5
165.08613474820953,F,M,165.0
144.18197730338335,F,F,144.0
151.08772657304206,F,F,151.0
155.2075594572215,F,F,155.0
150.9303545740083,F,F,150.5
152.86044636524042,F,F,152.5
155.75374868932073,F,F,155.5
161.40626949736958,F,M,161.0
159.30656833281182,F,M,159.0
144.77689267644155,F,F,144.5
161.91548309670918,F,M,161.5
168.82320155920908,F,M,168.5
145.56235305489557,F,F,145.5
148.30203212507644,F,F,148.0
147.47438045571067,F,F,147.0
146.44216177402467,F,F,146.0
155.48083917499216,F,F,155.0
158.80047698007039,F,M,158.5
153.18670782089535,F,F,153.0
142.40720463390704,F,F,142.0
150.8260859158793,F,F,150.5
148.52816191939937,F,F,148.5
163.37600583214595,F,M,163.0
148.89926055516452,F,F,148.5
146.49197251348969,F,F,146.0
146.92836776817296,F,F,146.5
147.8298710134059,F,F,147.5
156.94540107894753,F,F,156.5
157.06930238360565,F,F,157.0
154.9740825965114,F,F,154.5
149.57803953230444,F,F,149.5
142.83249163889138,F,F,142.5
150.86193108291513,F,F,150.5
152.5551245389585,F,F,152.5
148.23610870555933,F,F,148.0
153.58759007441208,F,F,153.5
153.1402761847587,F,F,153.0
155.07981521268783,F,F,155.0
155.3903406244668,F,F,155.0
148.12564201587867,F,F,148.0
148.5844918280372,F,F,148.5
146.59126250005437,F,F,146.5
144.8560762506983,F,F,144.5
149.1890057201258,F,F,149.0
151.94423333635947,F,F,151.5
151.01327232082176,F,F,151.0
154.9774060649364,F,F,154.5
153.25920324317067,F,F,153.0
146.6164132178524,F,F,146.5
145.34312144936283,F,F,145.0
155.34646046175945,F,F,155.0
158.8639895783757,F,M,158.5
152.31418853324686,F,F,152.0
141.90422031032193,F,F,141.5
150.13110124447283,F,F,150.0
146.21557804802327,F,F,146.0
160.42239173303872,F,M,160.0
148.44111090824453,F,F,148.0
139.03886721245445,F,F,139.0
152.00578805259636,F,F,152.0
145.66729136545345,F,F,145.5
153.86304820503682,F,F,153.5
149.91339799912674,F,F,149.5
153.26777263901056,F,F,153.0
149.78500931443676,F,F,149.5
148.31803554204268,F,F,148.0
142.8486742372886,F,F,142.5
152.16305559499486,F,F,152.0
144.75098041212698,F,F,144.5
150.95781461337486,F,F,150.5
147.20432931435002,F,F,147.0
151.44111343652037,F,F,151.0
149.5228888076309,F,F,149.5
152.94958003185883,F,F,152.5
152.61101740400596,F,F,152.5
150.70370642881366,F,F,150.5
152.32141704201743,F,F,152.0
158.78533549516357,F,M,158.5
152.1851957695096,F,F,152.0
158.77809499144846,F,M,158.5
148.02282817387785,F,F,148.0
151.9058214884518,F,F,151.5
149.19689809321713,F,F,149.0
147.02295376795627,F,F,147.0
145.5884952982891,F,F,145.5
143.55882903305138,F,F,143.5
150.68929846168825,F,F,150.5
144.34847728664548,F,F,144.0
160.95583202366785,F,M,160.5
145.91622425762927,F,F,145.5
154.1268374938034,F,F,154.0
157.60188432159853,F,F,157.5
139.04120442012982,F,F,139.0
152.94258031119531,F,F,152.5
146.46874787421342,F,F,146.0
151.0981964102708,F,F,151.0
153.91046244648342,F,F,153.5
150.7775778758658,F,F,150.5
152.84144762339156,F,F,152.5
152.6265373842199,F,F,152.5
142.51218626819715,F,F,142.5
157.14763733185126,F,F,157.0
145.25013238723406,F,F,145.0
154.51648080796105,F,F,154.5
154.68014009431465,F,F,154.5
153.30701043415425,F,F,153.0
145.95333359214834,F,F,145.5
154.09392651413154,F,F,154.0
155.57035593457712,F,F,155.5
150.08997699185278,F,F,150.0
145.9365264973204,F,F,145.5
155.25723385078243,F,F,155.0
146.64550238240366,F,F,146.5
147.67849377992187,F,F,147.5
154.94937433761976,F,F,154.5
154.8594605707995,F,F,154.5
159.78936974891178,F,M,159.5
150.26885314291476,F,F,150.0
149.43252699104804,F,F,149.0
147.36994024031634,F,F,147.0
157.34864763001366,F,F,157.0
150.72828115220702,F,F,150.5
155.20704492379647,F,F,155.0
156.6020609408225,F,F,156.5
156.19004837772738,F,F,156.0
147.65398933790775,F,F,147.5
156.30958743334946,F,F,156.0
150.91819153760454,F,F,150.5
152.8299997125831,F,F,152.5
149.84376313609746,F,F,149.5
152.84903630082434,F,F,152.5
152.49891112567724,F,F,152.0
141.39898620866768,F,F,141.0
145.78847551563925,F,F,145.5
157.80071039983358,F,F,157.5
147.89562569509056,F,F,147.5
149.85042558745985,F,F,149.5
153.86144754932,F,F,153.5
145.20159551261435,F,F,145.0
152.17276913602726,F,F,152.0
146.63639332066612,F,F,146.5
160.37051862858368,F,M,160.0
149.8489036203111,F,F,149.5
153.17403497145565,F,F,153.0
151.5103414847785,F,F,151.5
140.7843176331496,F,F,140.5
154.1620473532909,F,F,154.0
155.99821095368392,F,F,155.5
156.969960637573,F,F,156.5
151.56747205052076,F,F,151.5
154.39018451137986,F,F,154.0
154.4961652463236,F,F,154.0
157.6372771882663,F,F,157.5
148.81486632870818,F,F,148.5
158.7297429025279,F,M,158.5
147.20672263619576,F,F,147.0
152.94707326608003,F,F,152.5
147.6597197328508,F,F,147.5
163.00241445104538,F,M,163.0
151.19681517459483,F,F,151.0
155.32484161007807,F,F,155.0
159.34493467954886,F,M,159.0
152.2487241454412,F,F,152.0
149.55113150297313,F,F,149.5
141.4813673602105,F,F,141.0
151.30060743160539,F,F,151.0
152.30931757482998,F,F,152.0
160.22949501112728,F,M,160.0
152.60793241888072,F,F,152.5
154.26492896464632,F,F,154.0
150.89752382207678,F,F,150.5
152.4995724495707,F,F,152.0
148.75845637611607,F,F,148.5
155.24747501731798,F,F,155.0
156.90940557471583,F,F,156.5
146.52281222220546,F,F,146.5
152.15682845323758,F,F,152.0
158.932846934814,F,M,158.5
150.68497334057463,F,F,150.5
154.89968041157968,F,F,154.5
150.60029486546807,F,F,150.5
150.72090469031693,F,F,150.5
159.67158170059014,F,M,159.5
150.5019435574947,F,F,150.5
153.53225538227449,F,F,153.5
159.21400648916446,F,M,159.0
147.97560613660156,F,F,147.5
145.87982477093033,F,F,145.5
151.6167721314888,F,F,151.5
153.02728391331786,F,F,153.0
156.75953769010275,F,F,156.5
158.7620980596918,F,M,158.5
155.8245128162749,F,F,155.5
154.1074731170902,F,F,154.0
148.51803533023028,F,F,148.5
145.93794852362188,F,F,145.5
147.4218463278647,F,F,147.0
152.4359182692176,F,F,152.0
149.44497546231761,F,F,149.0
145.08360658996594,F,F,145.0
144.27285938628464,F,F,144.0
155.82479602266858,F,F,155.5
150.06903088270562,F,F,150.0
154.7027996482558,F,F,154.5
154.81815561037817,F,F,154.5
151.13571426856694,F,F,151.0
153.05216197295664,F,F,153.0
150.1589825417874,F,F,150.0
147.8896054411373,F,F,147.5
144.0946298440227,F,F,144.0
151.87245979206045,F,F,151.5
155.1116990657719,F,F,155.0
156.52949357394624,F,F,156.5
155.5714211791036,F,F,155.5
159.56006431751166,F,M,159.5
158.99189754519162,F,M,158.5
158.5707926616588,F,M,158.5
151.87921402090714,F,F,151.5
150.58708166866117,F,F,150.5
146.78614100727935,F,F,146.5
148.34941458687533,F,F,148.0
143.5979427650721,F,F,143.5
150.39015446920178,F,F,150.0
145.76442816534308,F,F,145.5
151.6804968024347,F,F,151.5
144.62157152662505,F,F,144.5
159.2752443312347,F,M,159.0
150.2171604261264,F,F,150.0
152.8064047205793,F,F,152.5
144.65266002705079,F,F,144.5
143.630557539409,F,F,143.5
151.60552108946717,F,F,151.5
148.79856663302942,F,F,148.5
149.5730408302294,F,F,149.5
154.5654449360135,F,F,154.5
157.29797140163225,F,F,157.0
158.45168058123667,F,F,158.0
157.6560055218504,F,F,157.5
159.41634976783902,F,M,159.0
149.02739489586486,F,F,149.0
149.88826471034707,F,F,149.5
147.58779171854624,F,F,147.5
148.28256535190977,F,F,148.0
157.10540483068533,F,F,157.0
148.01951950990968,F,F,148.0
149.95862816995927,F,F,149.5
151.05837310856762,F,F,151.0
155.04537909304625,F,F,155.0
146.51694128022413,F,F,146.5
152.62542655842182,F,F,152.5
160.1534340997404,F,M,160.0
152.164910199509,F,F,152.0
157.89288308178803,F,F,157.5
137.8443173852914,F,F,137.5
152.69338329952467,F,F,152.5
162.42296347198427,F,M,162.0
154.33089014772608,F,F,154.0
157.22687287343402,F,F,157.0
144.8974768875906,F,F,144.5
155.70059794037445,F,F,155.5
154.17877626656892,F,F,154.0
152.80587510553758,F,F,152.5
154.39343422044652,F,F,154.0
149.9112393935101,F,F,149.5
157.52075435633085,F,F,157.5
144.61280160392238,F,F,144.5
151.0832417704788,F,F,151.0
144.05053417027722,F,F,144.0
154.80869512320695,F,F,154.5
150.93666812724138,F,F,150.5
152.74864466685557,F,F,152.5
152.11119192834937,F,F,152.0
154.95619241989044,F,F,154.5
161.9224609828682,F,M,161.5
150.6129730845871,F,F,150.5
149.79496526293457,F,F,149.5
152.6397216062667,F,F,152.5
158.2410846649681,F,F,158.0
151.43881951250776,F,F,151.0
149.16826143976814,F,F,149.0
145.27045249517923,F,F,145.0
152.25953753394168,F,F,152.0
158.81385297995752,F,M,158.5
153.86493351385016,F,F,153.5
150.9421030920824,F,F,150.5
151.6357598301964,F,F,151.5
152.59815854975886,F,F,152.5
147.9139362404925,F,F,147.5
149.8887310179033,F,F,149.5
157.1845938263941,F,F,157.0
152.22807798120374,F,F,152.0
150.310455667248,F,F,150.0
145.0695756476618,F,F,145.0
150.77294698570955,F,F,150.5
152.91080231491887,F,F,152.5
149.7301201910855,F,F,149.5
157.75823679629423,F,F,157.5
156.3768706489269,F,F,156.0
146.36417917683346,F,F,146.0
144.84518379208254,F,F,144.5
158.8029602018019,F,M,158.5
148.0483478524854,F,F,148.0
149.58192706713962,F,F,149.5
156.19517683672055,F,F,156.0
147.43749591842513,F,F,147.0
155.28956685464186,F,F,155.0
149.22133577923984,F,F,149.0
147.95519618204327,F,F,147.5
145.2773822897996,F,F,145.0
155.34359546988577,F,F,155.0
152.12327993575457,F,F,152.0
144.12121612502912,F,F,144.0
154.4035913526784,F,F,154.0
150.62592727546544,F,F,150.5
154.9108006225688,F,F,154.5
151.1843282869102,F,F,151.0
154.4798256944146,F,F,154.0
153.89238028858708,F,F,153.5
154.68407380235533,F,F,154.5
148.52022741559955,F,F,148.5
156.29920600765675,F,F,156.0
146.70867233648087,F,F,146.5
158.38705678189234,F,F,158.0
146.6616648553645,F,F,146.5
162.64740050234178,F,M,162.5
147.74114659337695,F,F,147.5
143.12629980179847,F,F,143.0
153.33603981575138,F,F,153.0
157.74797509504887,F,F,157.5
156.79047828039612,F,F,156.5
153.7025285416559,F,F,153.5
149.46244212665638,F,F,149.0
157.94668618745962,F,F,157.5
151.0194134475199,F,F,151.0
147.95188879259882,F,F,147.5
148.98397432699588,F,F,148.5
149.35837870648612,F,F,149.0
157.00540404018628,F,F,157.0
159.0685898862593,F,M,159.0
157.19313321890453,F,F,157.0
149.21177631198748,F,F,149.0
152.4619037523015,F,F,152.0
152.2897795296127,F,F,152.0
154.44409088617832,F,F,154.0
141.97502804380983,F,F,141.5
152.68346119300148,F,F,152.5
151.53298945445675,F,F,151.5
152.35780223175271,F,F,152.0
151.4283779487597,F,F,151.0
149.7568534899589,F,F,149.5
145.63459827433837,F,F,145.5
152.58454674242316,F,F,152.5
159.77042680591254,F,M,159.5
154.39756439047343,F,F,154.0
152.71468772192807,F,F,152.5
150.40504328253033,F,F,150.0
156.1675481777571,F,F,156.0
156.07364274527086,F,F,156.0
148.18357027532704,F,F,148.0
150.0418466641947,F,F,150.0
148.61160135559052,F,F,148.5
147.53994575290844,F,F,147.5
153.45419054723212,F,F,153.0
154.5191042251573,F,F,154.5
160.8659769871016,F,M,160.5
152.95960550084882,F,F,152.5
156.0012125655584,F,F,156.0
151.76042008749488,F,F,151.5
157.1833298630452,F,F,157.0
159.74524753853711,F,M,159.5
144.45137053613828,F,F,144.0
151.9178919592038,F,F,151.5
150.72933180223345,F,F,150.5
150.73580111926952,F,F,150.5
149.9790507494055,F,F,149.5
149.66321497618068,F,F,149.5
153.16749438454545,F,F,153.0
151.07530154643848,F,F,151.0
162.958728960012,F,M,162.5
144.65901387911774,F,F,144.5
146.54409434802236,F,F,146.5
154.6124314662859,F,F,154.5
149.640986938915,F,F,149.5
160.0801282741085,F,M,160.0
144.2589225229441,F,F,144.0
155.61828762554762,F,F,155.5
157.2224257213101,F,F,157.0
155.13387032613915,F,F,155.0
153.14103000140327,F,F,153.0
156.0095431784118,F,F,156.0
157.45576973002338,F,F,157.0
155.30494808719064,F,F,155.0
152.89813539369612,F,F,152.5
144.60929870577556,F,F,144.5
149.2827316849235,F,F,149.0
158.32746651270955,F,F,158.0
148.07976239849492,F,F,148.0
141.39606006132013,F,F,141.0
151.57726967972957,F,F,151.5
155.07459932231373,F,F,155.0
148.1419499092959,F,F,148.0
153.34196964254915,F,F,153.0
146.53370844759857,F,F,146.5
152.5692808844776,F,F,152.5
150.20917145587134,F,F,150.0
155.9498670493282,F,F,155.5
146.4647258140449,F,F,146.0
152.49383235938586,F,F,152.0
141.74748047162095,F,F,141.5
154.2932536425513,F,F,154.0
153.95912952784784,F,F,153.5
146.91302182179393,F,F,146.5
154.31368747707293,F,F,154.0
150.1166191049725,F,F,150.0
150.86235482632543,F,F,150.5
155.89863732523335,F,F,155.5
149.69011571261262,F,F,149.5
149.67830885782146,F,F,149.5
147.27071815641716,F,F,147.0
152.46210800715804,F,F,152.0
148.64244370809567,F,F,148.5
152.3079108763165,F,F,152.0
160.66995178629736,F,M,160.5
146.81422322312568,F,F,146.5
159.87995337753603,F,M,159.5
152.3175271732033,F,F,152.0
150.8443143599366,F,F,150.5
142.0581084592641,F,F,142.0
152.8956032975578,F,F,152.5
155.60221241317834,F,F,155.5
150.51606939307945,F,F,150.5
148.9310416564458,F,F,148.5
149.22039750667963,F,F,149.0
143.4377840054482,F,F,143.0
145.22144564008624,F,F,145.0
144.77305820563373,F,F,144.5
151.71837512434453,F,F,151.5
159.71844896699912,F,M,159.5
164.72944489517158,F,M,164.5
148.84752154697006,F,F,148.5
150.13651782365324,F,F,150.0
151.70546220143066,F,F,151.5
150.71600711596315,F,F,150.5
152.95176275885748,F,F,152.5
152.70114094134112,F,F,152.5
146.3460716884986,F,F,146.0
150.0137460422898,F,F,150.0
150.2151321831477,F,F,150.0
153.6513955376852,F,F,153.5
145.9811012233782,F,F,145.5
149.7617195820573,F,F,149.5
152.30827421685103,F,F,152.0
148.96513977031202,F,F,148.5
141.49032725640325,F,F,141.0
149.69318266158893,F,F,149.5
158.30001410405373,F,F,158.0
148.62035789704288,F,F,148.5
142.19803038096168,F,F,142.0
164.34574549545727,M,M,164.0
162.37293034775706,M,M,162.0
166.2598390679237,M,M,166.0
171.75667572764522,M,M,171.5
170.26973904222638,M,M,170.0
161.68434750022374,M,M,161.5
168.76576633542317,M,M,168.5
179.42364014589603,M,M,179.0
172.9314071262984,M,M,172.5
159.14298102383117,M,M,159.0
164.3998272479935,M,M,164.0
162.8283801298224,M,M,162.5
165.6479561441552,M,M,165.5
163.81051971859645,M,M,163.5
164.90883012911345,M,M,164.5
166.8183433685484,M,M,166.5
168.4043144818487,M,M,168.0
176.68356860350727,M,M,176.5
169.29834846662465,M,M,169.0
158.6429004695567,M,M,158.5
163.29327450021802,M,M,163.0
156.97122245630925,M,F,156.5
162.03091416061227,M,M,162.0
168.74502938113199,M,M,168.5
162.73351929448842,M,M,162.5
163.47973829336223,M,M,163.0
170.91281998153727,M,M,170.5
167.88598459383687,M,M,167.5
164.29353723725927,M,M,164.0
165.55597659018946,M,M,165.5
160.70730621079636,M,M,160.5
166.33898965027507,M,M,166.0
172.14659333931357,M,M,172.0
171.01392607183058,M,M,171.0
164.18599609843153,M,M,164.0
156.88653277741008,M,F,156.5
160.78924605697173,M,M,160.5
160.48629696435512,M,M,160.0
156.43773596207268,M,F,156.0
168.61407712943762,M,M,168.5
167.5565181507266,M,M,167.5
167.70359679717956,M,M,167.5
166.38858520861572,M,M,166.0
159.70826479833482,M,M,159.5
166.20616268053342,M,M,166.0
167.05491550422954,M,M,167.0
170.92013835580084,M,M,170.5
167.01780992891258,M,M,167.0
171.6234726683398,M,M,171.5
174.81386728676748,M,M,174.5
175.16256199095395,M,M,175.0
159.00102024195522,M,M,159.0
164.6678342386283,M,M,164.5
167.9928390688507,M,M,167.5
162.71456996612147,M,M,162.5
173.0937881483268,M,M,173.0
163.68543677079316,M,M,163.5
163.3173267341925,M,M,163.0
161.14463230265463,M,M,161.0
165.8710522326168,M,M,165.5
175.09813467767407,M,M,175.0
156.7755600021041,M,F,156.5
166.00320915702525,M,M,166.0
158.26291832407483,M,F,158.0
163.40328950308,M,M,163.0
166.37915252720967,M,M,166.0
174.67829202080085,M,M,174.5
159.37984703804895,M,M,159.0
172.73221291799365,M,M,172.5
165.5081545061702,M,M,165.5
166.71380576663068,M,M,166.5
156.27220417958293,M,F,156.0
158.9004831014855,M,M,158.5
167.56380791820865,M,M,167.5
161.33482597281292,M,M,161.0
178.8449900595154,M,M,178.5
157.40962115925817,M,F,157.0
160.91269376931734,M,M,160.5
160.52462810622313,M,M,160.5
166.8903067821628,M,M,166.5
173.267303460439,M,M,173.0
162.81106537701788,M,M,162.5
175.4065653677595,M,M,175.0
175.04343348588452,M,M,175.0
163.97758662771383,M,M,163.5
167.48486639811537,M,M,167.0
161.80500255686093,M,M,161.5
161.95782878300244,M,M,161.5
161.8118578577551,M,M,161.5
172.63178114655298,M,M,172.5
170.92336925177096,M,M,170.5
158.74546569055153,M,M,158.5
172.6814877382892,M,M,172.5
168.4522478053862,M,M,168.0
167.3131639940131,M,M,167.0
158.2777637662867,M,F,158.0
167.92346449600984,M,M,167.5
161.42278568096222,M,M,161.0
161.97737010782706,M,M,161.5
166.42710366163453,M,M,166.0
168.78617304381504,M,M,168.5
160.58574790580587,M,M,160.5
159.31993860379478,M,M,159.0
171.8706593704178,M,M,171.5
168.03249136398836,M,M,168.0
166.34516423140323,M,M,166.0
167.9990303216324,M,M,167.5
157.3728459878535,M,F,157.0
171.96743588915515,M,M,171.5
168.252131897683,M,M,168.0
167.16254462733596,M,M,167.0
159.6096540364785,M,M,159.5
166.11181965987075,M,M,166.0
167.0167377909554,M,M,167.0
160.74067979940637,M,M,160.5
161.770973877178,M,M,161.5
169.69775368080502,M,M,169.5
160.71198168541343,M,M,160.5
168.63822223150856,M,M,168.5
168.8210476070457,M,M,168.5
168.88309433018895,M,M,168.5
160.97048842770818,M,M,160.5
163.48376006576962,M,M,163.0
176.2194022267793,M,M,176.0
166.98160378662283,M,M,166.5
162.58791401147215,M,M,162.5
172.75241125725168,M,M,172.5
170.7719110717582,M,M,170.5
169.3180311273756,M,M,169.0
170.52503741811762,M,M,170.5
168.94524118518285,M,M,168.5
163.71839401462037,M,M,163.5
165.75280954611995,M,M,165.5
166.55786068563563,M,M,166.5
168.41510660049056,M,M,168.0
170.749942923974,M,M,170.5
172.5483117640984,M,M,172.5
167.9678859652446,M,M,167.5
175.45239917860462,M,M,175.0
158.69265629802564,M,M,158.5
165.3294742948143,M,M,165.0
165.73897698000647,M,M,165.5
167.45548650719138,M,M,167.0
162.2177820221174,M,M,162.0
162.01135657614626,M,M,162.0
159.39828234077322,M,M,159.0
158.57936843561728,M,M,158.5
154.8678518101506,M,F,154.5
160.29074348794614,M,M,160.0
165.3735239507979,M,M,165.0
166.2724838127621,M,M,166.0
166.90111623805026,M,M,166.5
171.7706751548566,M,M,171.5
159.55482269823545,M,M,159.5
174.6987111190318,M,M,174.5
159.35588387178825,M,M,159.0
153.21319474821945,M,F,153.0
167.23438524681367,M,M,167.0
166.33809132595357,M,M,166.0
154.04459539391146,M,F,154.0
163.24665516226145,M,M,163.0
175.86808535365162,M,M,175.5
158.85688619093187,M,M,158.5
156.07206438517827,M,F,156.0
155.17813850372943,M,F,155.0
169.66522269069918,M,M,169.5
166.01816582964705,M,M,166.0
167.17989002159575,M,M,167.0
167.96940525817007,M,M,167.5
163.48698721385685,M,M,163.0
163.631104108434,M,M,163.5
167.36192697088862,M,M,167.0
166.07903657270236,M,M,166.0
164.95402687225396,M,M,164.5
162.94122900854796,M,M,162.5
166.84003200277914,M,M,166.5
159.09278558500458,M,M,159.0
163.2635637296628,M,M,163.0
169.31209122093472,M,M,169.0
170.71362278994326,M,M,170.5
167.25222118518911,M,M,167.0
166.612719795465,M,M,166.5
167.8474416583697,M,M,167.5
171.0404188866817,M,M,171.0
158.85561136195653,M,M,158.5
165.73202386250213,M,M,165.5
166.66794300399752,M,M,166.5
167.86856239693196,M,M,167.5
170.19939764380672,M,M,170.0
171.86691840685182,M,M,171.5
158.75657795194383,M,M,158.5
165.36593366617197,M,M,165.0
159.12316509622985,M,M,159.0
168.72672973386523,M,M,168.5
162.63153686340237,M,M,162.5
171.8445884447248,M,M,171.5
162.4683732397843,M,M,162.0
166.90560981849453,M,M,166.5
158.07992963021528,M,F,158.0
159.47298151314584,M,M,159.0
170.32850668557742,M,M,170.0
163.43420249547563,M,M,163.0
170.96100022204652,M,M,170.5
160.49471788284708,M,M,160.0
179.86162300683083,M,M,179.5
157.86230206735564,M,F,157.5
164.7970421768809,M,M,164.5
166.01095284346104,M,M,166.0
155.51584395735583,M,F,155.5
165.49424906294303,M,M,165.0
171.05391869434393,M,M,171.0
171.2546135741518,M,M,171.0
166.90801101803117,M,M,166.5
168.8233055429054,M,M,168.5
165.2430381001525,M,M,165.0
162.49775301591458,M,M,162.0
166.91102855443788,M,M,166.5
166.07767190573097,M,M,166.0
162.96802789273642,M,M,162.5
162.18751189655353,M,M,162.0
160.8631812714067,M,M,160.5
170.38471027053794,M,M,170.0
163.96449720664475,M,M,163.5
165.96951553033057,M,M,165.5
165.07325978931135,M,M,165.0
165.79902696639664,M,M,165.5
150.05257080389967,M,F,150.0
150.2156427203134,M,F,150.0
162.86820755873396,M,M,162.5
164.91607372778276,M,M,164.5
157.86929638857288,M,F,157.5
165.96783628596347,M,M,165.5
164.96673331622634,M,M,164.5
162.08838496935275,M,M,162.0
159.0198635246335,M,M,159.0
174.39457206208812,M,M,174.0
167.9370904186654,M,M,167.5
157.95058930855194,M,F,157.5
159.78569693533683,M,M,159.5
161.83168552814922,M,M,161.5
160.98274151741686,M,M,160.5
165.13960060468568,M,M,165.0
166.44666998951377,M,M,166.0
166.81968963613133,M,M,166.5
177.19961978518043,M,M,177.0
164.13780866758833,M,M,164.0
166.7273549282592,M,M,166.5
162.92239173836884,M,M,162.5
159.88207079143308,M,M,159.5
166.19398021098127,M,M,166.0
171.61010992466095,M,M,171.5
161.7926467252484,M,M,161.5
162.63980716878405,M,M,162.5
167.09539281801133,M,M,167.0
168.58552005513326,M,M,168.5
164.97838197777253,M,M,164.5
162.02236970162707,M,M,162.0
162.67676668238204,M,M,162.5
165.36025841088752,M,M,165.0
169.94066910413684,M,M,169.5
169.1793621333505,M,M,169.0
164.4541226653507,M,M,164.0
171.22853214345946,M,M,171.0
159.99963436604983,M,M,159.5
171.16240318934467,M,M,171.0
160.83386016176868,M,M,160.5
173.39743864188006,M,M,173.0
162.6911106207133,M,M,162.5
168.0571871602218,M,M,168.0
160.31251519870372,M,M,160.0
163.43765686442484,M,M,163.0
165.1695631652488,M,M,165.0
167.37027545515238,M,M,167.0
161.8797949270525,M,M,161.5
166.7307987285909,M,M,166.5
171.81336978245847,M,M,171.5
174.07814268979666,M,M,174.0
163.5970752960154,M,M,163.5
166.0317082663319,M,M,166.0
170.50089545973262,M,M,170.5
165.0263660313404,M,M,165.0
161.65149933498338,M,M,161.5
166.95043546059466,M,M,166.5
170.42867863864942,M,M,170.0
168.82063341436185,M,M,168.5
164.5326893282116,M,M,164.5
171.78557087778862,M,M,171.5
162.89249167699992,M,M,162.5
161.30213331501886,M,M,161.0
159.30539501712488,M,M,159.0
165.47301621371645,M,M,165.0
176.28672881599675,M,M,176.0
164.430239089887,M,M,164.0
168.80294340670463,M,M,168.5
158.68164033977192,M,M,158.5
168.89382927759914,M,M,168.5
161.12601069414933,M,M,161.0
163.52733188665704,M,M,163.5
171.00228415602356,M,M,171.0
163.42744891156164,M,M,163.0
168.34969917465352,M,M,168.0
161.0861818410308,M,M,161.0
165.70241180124893,M,M,165.5
173.51254041502335,M,M,173.5
166.77220744489694,M,M,166.5
172.24993089973762,M,M,172.0
161.52370792197158,M,M,161.5
168.28066104708097,M,M,168.0
170.79125913724857,M,M,170.5
165.4709305119687,M,M,165.0
165.8640837045198,M,M,165.5
166.70074063807618,M,M,166.5
166.7040657996507,M,M,166.5
167.26477586016316,M,M,167.0
171.91822078538368,M,M,171.5
160.7602030226156,M,M,160.5
168.5113251032039,M,M,168.5
169.98877074656724,M,M,169.5
162.69716673067754,M,M,162.5
166.59069020766552,M,M,166.5
171.81662209923272,M,M,171.5
168.7910430357008,M,M,168.5
164.22099948908652,M,M,164.0
163.72538769659255,M,M,163.5
167.3821511666744,M,M,167.0
165.43185777724315,M,M,165.0
164.23200611652038,M,M,164.0
165.27260167468424,M,M,165.0
167.96074467963666,M,M,167.5
165.03508931346732,M,M,165.0
163.27184395739638,M,M,163.0
164.0646102939638,M,M,164.0
166.8408025008256,M,M,166.5
168.15713523190175,M,M,168.0
167.42567595534928,M,M,167.0
169.75086728643953,M,M,169.5
165.64816456438595,M,M,165.5
172.18294865671163,M,M,172.0
165.55517757521096,M,M,165.5
164.10385196299967,M,M,164.0
158.95174335549268,M,M,158.5
173.24986060633057,M,M,173.0
160.77120482853138,M,M,160.5
163.9193568473446,M,M,163.5
169.9592651971029,M,M,169.5
160.48347020140181,M,M,160.0
169.53023689346307,M,M,169.5
157.22152826122684,M,F,157.0
165.6864672198773,M,M,165.5
171.50819468934623,M,M,171.5
159.26170320567113,M,M,159.0
174.70448065652863,M,M,174.5
161.63076826436253,M,M,161.5
169.70503597683802,M,M,169.5
168.96129615915285,M,M,168.5
169.12531512195974,M,M,169.0
166.566104304107,M,M,166.5
160.45722871810722,M,M,160.0
162.1758686940874,M,M,162.0
164.2545749469598,M,M,164.0
168.08334082440533,M,M,168.0
173.34204299476187,M,M,173.0
168.45523053340264,M,M,168.0
162.1684097237699,M,M,162.0
164.72555370220837,M,M,164.5
170.27151058183566,M,M,170.0
164.73513920436966,M,M,164.5
167.30916774641423,M,M,167.0
161.67681844511637,M,M,161.5
167.6277649036268,M,M,167.5
166.29536616678448,M,M,166.0
166.17743389558265,M,M,166.0
169.0568495208307,M,M,169.0
165.21206296375084,M,M,165.0
166.81727738259363,M,M,166.5
165.5850123774957,M,M,165.5
167.5992475203084,M,M,167.5
156.65333719185412,M,F,156.5
167.5802179325467,M,M,167.5
162.18130079257568,M,M,162.0
163.19117655210704,M,M,163.0
166.5568475392554,M,M,166.5
169.8226837168637,M,M,169.5
165.9112782196735,M,M,165.5
161.07484135406176,M,M,161.0
167.17594063063186,M,M,167.0
167.01592318610287,M,M,167.0
157.40677971337655,M,F,157.0
159.69289200690213,M,M,159.5
177.1588417609405,M,M,177.0
164.7213662424067,M,M,164.5
163.36003149576615,M,M,163.0
158.5625493662155,M,M,158.5
175.33077566739152,M,M,175.0
157.8118859573151,M,F,157.5
158.86623828601032,M,M,158.5
165.89268959607554,M,M,165.5
163.8552459684482,M,M,163.5
176.25312007188484,M,M,176.0
169.75110625260888,M,M,169.5
158.6188481897102,M,M,158.5
161.5421298330356,M,M,161.5
156.9899826106959,M,F,156.5
164.38177266848672,M,M,164.0
155.02142936039613,M,F,155.0
162.64988033679626,M,M,162.5
160.6430481465533,M,M,160.5
161.279893755554,M,M,161.0
170.28198022532283,M,M,170.0
166.2994532323924,M,M,166.0
161.04412672553528,M,M,161.0
169.88718717155152,M,M,169.5
165.72596677473226,M,M,165.5
152.92585909561586,M,F,152.5
165.21057221138736,M,M,165.0
170.2141302467353,M,M,170.0
164.02155848572795,M,M,164.0
160.627478620142,M,M,160.5
178.30383821016073,M,M,178.0
167.83647154884576,M,M,167.5
172.26621124634786,M,M,172.0
164.24566268671092,M,M,164.0
164.26559639968553,M,M,164.0
167.50318881568535,M,M,167.5
165.9113400721521,M,M,165.5
159.29064479449937,M,M,159.0
165.8478828419222,M,M,165.5
163.92952466595008,M,M,163.5
157.6603249297251,M,F,157.5
176.42735987434236,M,M,176.0
165.05686429374506,M,M,165.0
171.5233036889373,M,M,171.5
164.47453414837318,M,M,164.0
161.93597369255383,M,M,161.5
165.97770773694836,M,M,165.5
166.2418233674246,M,M,166.0
175.71831591071535,M,M,175.5
170.32286041953495,M,M,170.0
162.71175928875988,M,M,162.5
168.47250220515033,M,M,168.0
155.1546317622011,M,F,155.0
161.30649124369936,M,M,161.0
156.99031784086233,M,F,156.5
159.25520205993334,M,M,159.0
167.0028651224425,M,M,167.0
167.23479190834976,M,M,167.0
161.00115778892487,M,M,161.0
167.21291866071587,M,M,167.0
165.24399720547092,M,M,165.0
163.76049271713447,M,M,163.5
159.81133249903925,M,M,159.5
169.78211951211543,M,M,169.5
160.4119744899626,M,M,160.0
174.9999494816151,M,M,174.5
164.70593629689463,M,M,164.5
166.3003156492443,M,M,166.0
166.79845760652236,M,M,166.5
167.93069912837015,M,M,167.5
166.2744122279248,M,M,166.0
154.04706887572172,M,F,154.0
165.21929347816553,M,M,165.0
165.04460396025698,M,M,165.0
166.6380443593955,M,M,166.5
171.71740458709036,M,M,171.5
163.64015426111595,M,M,163.5
162.1413245737776,M,M,162.0
167.25364512105907,M,M,167.0
160.9594924513828,M,M,160.5
174.03824031872102,M,M,174.0
173.19592357057692,M,M,173.0
165.44908000150997,M,M,165.0
160.8651851976682,M,M,160.5
168.7308902425967,M,M,168.5
169.05938219049426,M,M,169.0
161.31291099740045,M,M,161.0
172.52038540002778,M,M,172.5
177.12468559790057,M,M,177.0
159.04229704694842,M,M,159.0
175.84188060169933,M,M,175.5
162.70859699200605,M,M,162.5
160.42927210034546,M,M,160.0
168.51073775969195,M,M,168.5
166.0453536701923,M,M,166.0
170.38530085038545,M,M,170.0
167.6331703873035,M,M,167.5
167.33671813157443,M,M,167.0
156.47833737268823,M,F,156.0
170.74548122438267,M,M,170.5
166.69635123231626,M,M,166.5
160.4301130103826,M,M,160.0
165.8232423907644,M,M,165.5
168.76815430314196,M,M,168.5
163.1473478933682,M,M,163.0
172.4402458376983,M,M,172.0
166.68815829176836,M,M,166.5
171.50441604469492,M,M,171.5
160.45763345156595,M,M,160.0
166.99811233841697,M,M,166.5
167.83410883614596,M,M,167.5
165.7719590400941,M,M,165.5
176.34906706762922,M,M,176.0
174.36936592178833,M,M,174.0
169.7494983105258,M,M,169.5
172.474076210377,M,M,172.0
168.43420495353564,M,M,168.0
161.75013210085623,M,M,161.5
172.92158285990453,M,M,172.5
163.66286872035505,M,M,163.5
167.01356695469082,M,M,167.0
164.94385047353558,M,M,164.5
170.99913168167112,M,M,170.5
171.73458964178099,M,M,171.5
162.5632975072553,M,M,162.5
164.55833745254174,M,M,164.5
168.3877293370235,M,M,168.0
161.16988318566064,M,M,161.0
163.4791170379313,M,M,163.0
173.5520106974558,M,M,173.5
165.35555718601415,M,M,165.0
161.4319137026093,M,M,161.0
162.33744844561323,M,M,162.0
163.3855976024688,M,M,163.0
171.84346401715112,M,M,171.5
168.01419846719895,M,M,168.0
162.22402244890677,M,M,162.0
159.24368312480067,M,M,159.0
169.30830905041503,M,M,169.0
162.18899665194976,M,M,162.0
167.17000472853206,M,M,167.0
160.18859427699496,M,M,160.0
166.82459087403248,M,M,166.5
161.64484400719203,M,M,161.5
170.0482875862151,M,M,170.0
159.14926999020682,M,M,159.0
172.64463855743358,M,M,172.5
163.8923143106241,M,M,163.5
171.23655008153872,M,M,171.0
170.2669986207715,M,M,170.0
167.8082946107934,M,M,167.5
165.58336923640132,M,M,165.5
160.9202385895582,M,M,160.5
159.28327674999588,M,M,159.0
166.09005733486632,M,M,166.0
170.2752316021993,M,M,170.0
166.63516347006427,M,M,166.5
167.95407265931425,M,M,167.5
171.69472551161556,M,M,171.5
175.3491625221463,M,M,175.0
162.0441403455655,M,M,162.0
158.40065803252037,M,F,158.0
174.35728232335197,M,M,174.0
154.09949834829558,M,F,154.0
169.8698148842889,M,M,169.5
156.01259716845271,M,F,156.0
168.42896468378513,M,M,168.0
171.91228417244105,M,M,171.5
162.87284478496548,M,M,162.5
174.65647449674412,M,M,174.5
166.73254654011518,M,M,166.5
173.88443270526156,M,M,173.5
166.70819415625024,M,M,166.5
168.70158372183212,M,M,168.5
160.15814901623244,M,M,160.0
161.0324652685046,M,M,161.0
165.43045881710063,M,M,165.0
169.38362391866482,M,M,169.0
171.95006995620236,M,M,171.5
167.163549204663,M,M,167.0
167.55195747097542,M,M,167.5
159.12336722074969,M,M,159.0
162.03031519109473,M,M,162.0
163.2539153554439,M,M,163.0
169.21986609838982,M,M,169.0
156.20758101982864,M,F,156.0
168.45568606122742,M,M,168.0
170.88524243607384,M,M,170.5
161.4884655062475,M,M,161.0
167.07741611866678,M,M,167.0
173.3719858985106,M,M,173.0
171.8474574509148,M,M,171.5
174.99648956743363,M,M,174.5
162.5900766521475,M,M,162.5
169.63786851674274,M,M,169.5
167.88046365906652,M,M,167.5
172.00672922510418,M,M,172.0
179.03188307963117,M,M,179.0
165.59793179168273,M,M,165.5
162.59299054750582,M,M,162.5
166.9340192252934,M,M,166.5
161.55694757737555,M,M,161.5
170.7569874881147,M,M,170.5
170.407604231314,M,M,170.0
170.08015381866332,M,M,170.0
159.30895996630926,M,M,159.0
159.5770710108478,M,M,159.5
168.1923573762615,M,M,168.0
168.51838351655934,M,M,168.5
161.88068540282566,M,M,161.5
164.93693787453756,M,M,164.5
166.51670891996218,M,M,166.5
161.95036189158662,M,M,161.5
170.52868855633844,M,M,170.5
172.92267561157664,M,M,172.5
171.1023901417555,M,M,171.0
159.90056078418644,M,M,159.5
164.43881621105893,M,M,164.0
164.7378245185184,M,M,164.5
166.17870760920928,M,M,166.0
169.04119305254412,M,M,169.0
174.28675417123475,M,M,174.0
165.16196310605338,M,M,165.0
158.15098907720994,M,F,158.0
171.2604661037639,M,M,171.0
175.30553881238598,M,M,175.0
168.27449474526836,M,M,168.0
159.40100558483545,M,M,159.0
167.2625419852093,M,M,167.0
162.7165343307057,M,M,162.5
161.06721265386278,M,M,161.0
158.23212625619908,M,F,158.0
170.45509219500985,M,M,170.0
165.76279396055338,M,M,165.5
164.81752806394456,M,M,164.5
160.18624766083465,M,M,160.0
159.38433747853585,M,M,159.0
169.77805449256098,M,M,169.5
165.84018171201367,M,M,165.5
164.07624996944884,M,M,164.0
169.38798018869292,M,M,169.0
169.87384406011068,M,M,169.5
168.2432064254745,M,M,168.0
168.75335620585074,M,M,168.5
168.91215548843292,M,M,168.5
170.50392532012225,M,M,170.5
177.8527578030293,M,M,177.5
164.85786803453968,M,M,164.5
160.01274719323482,M,M,160.0
160.18305815822808,M,M,160.0
168.78857189457494,M,M,168.5
165.5948928920012,M,M,165.5
173.43045753933836,M,M,173.0
176.76768836729906,M,M,176.5
166.51524754121556,M,M,166.5
162.354201457973,M,M,162.0
166.51469858971095,M,M,166.5
166.23831531107177,M,M,166.0
167.26361872386562,M,M,167.0
159.11695455077992,M,M,159.0
164.18503146053118,M,M,164.0
167.8470910014575,M,M,167.5
177.34828518552092,M,M,177.0
169.09012958107022,M,M,169.0
167.8574299893736,M,M,167.5
158.65095471794538,M,M,158.5
169.3516758180829,M,M,169.0
165.88197581362792,M,M,165.5
168.55391742625858,M,M,168.5
168.21497040315427,M,M,168.0
173.7620711516459,M,M,173.5
172.79099317188297,M,M,172.5
159.64526739686465,M,M,159.5
164.94576712220965,M,M,164.5
154.31469631182642,M,F,154.0
169.59390416647264,M,M,169.5
166.6246985683955,M,M,166.5
173.25448452250092,M,M,173.0
167.62692099003152,M,M,167.5
161.78112025848057,M,M,161.5
159.42419416650287,M,M,159.0
163.75993243555206,M,M,163.5
167.8594874449663,M,M,167.5
162.7824630686758,M,M,162.5
173.31872269910176,M,M,173.0
157.30762203205873,M,F,157.0
166.68849074102752,M,M,166.5
166.48710372402545,M,M,166.0
163.24971144717466,M,M,163.0
179.40710627666678,M,M,179.0
164.15265225372727,M,M,164.0
159.5376149272164,M,M,159.5
164.19984646993345,M,M,164.0
172.17732818689075,M,M,172.0
170.66759189141476,M,M,170.5
167.84477740393783,M,M,167.5
165.98001813796736,M,M,165.5
165.86337768592463,M,M,165.5
167.41320403832145,M,M,167.0
164.7538963071286,M,M,164.5
165.51567824399132,M,M,165.5
159.93942071690026,M,M,159.5
165.0557989307654,M,M,165.0
164.86850632356976,M,M,164.5
169.4780424597213,M,M,169.0
168.3931873052992,M,M,168.0
163.92876036285003,M,M,163.5
167.46745890026492,M,M,167.0
182.43639214425727,M,M,182.0
165.1059481260783,M,M,165.0
157.74339448802527,M,F,157.5
159.64968155607636,M,M,159.5
163.91747672928062,M,M,163.5
164.2222144165011,M,M,164.0
164.8944598156102,M,M,164.5
168.3343153490389,M,M,168.0
167.53359619093249,M,M,167.5
169.26451733458006,M,M,169.0
169.8914873758562,M,M,169.5
162.05390905821153,M,M,162.0
170.42021733406142,M,M,170.0
160.8474190129811,M,M,160.5
165.98233912451852,M,M,165.5
167.4467081564004,M,M,167.0
166.28105142201323,M,M,166.0
172.2249955296853,M,M,172.0
164.02646064123832,M,M,164.0
158.51210011281503,M,M,158.5
173.19607844869427,M,M,173.0
164.7125761745898,M,M,164.5
169.82497879665192,M,M,169.5
167.87833000290794,M,M,167.5
168.89239548171727,M,M,168.5
167.4186827871209,M,M,167.0
170.19674457670442,M,M,170.0
167.71164311556413,M,M,167.5
169.76718758012024,M,M,169.5
164.98118561369813,M,M,164.5
169.3137673131718,M,M,169.0
164.20546693263714,M,M,164.0
176.895663323581,M,M,176.5
166.2814342402976,M,M,166.0
173.29022644104802,M,M,173.0
162.07980417742954,M,M,162.0
163.52003639288972,M,M,163.5
165.83122666641594,M,M,165.5
166.8905203226374,M,M,166.5
172.14407949497965,M,M,172.0
168.38520717574318,M,M,168.0
165.15303213233182,M,M,165.0
174.05021208295193,M,M,174.0
171.95016298782085,M,M,171.5
164.17372294802536,M,M,164.0
164.02392483505238,M,M,164.0
170.01000130464098,M,M,170.0
158.88729309294698,M,M,158.5
160.59529517428516,M,M,160.5
162.74873327920702,M,M,162.5
166.21445818269189,M,M,166.0
158.92089707088624,M,M,158.5
172.62811878946934,M,M,172.5
166.98263216361633,M,M,166.5
169.1328446303269,M,M,169.0
159.853820159896,M,M,159.5
174.6517959269613,M,M,174.5
167.9730457169561,M,M,167.5
168.7641114048608,M,M,168.5
164.04475663252836,M,M,164.0
166.3175523804367,M,M,166.0
161.88239711471053,M,M,161.5
164.31750709458217,M,M,164.0
173.55906488199386,M,M,173.5
155.8009530083455,M,F,155.5
167.1064884263061,M,M,167.0
160.35721408176752,M,M,160.0
168.32655946448583,M,M,168.0
158.66410952984873,M,M,158.5
165.89736436546036,M,M,165.5
169.8663034802536,M,M,169.5
170.0281242256903,M,M,170.0
156.73717329301323,M,F,156.5
163.89309630680057,M,M,163.5
166.40179378584148,M,M,166.0
166.68399419502447,M,M,166.5
169.34192284982038,M,M,169.0
166.39679113780852,M,M,166.0
170.6751066287036,M,M,170.5
163.09872801025892,M,M,163.0
174.2608406128063,M,M,174.0
166.45498902531185,M,M,166.0
168.63837154082321,M,M,168.5
165.64048675461328,M,M,165.5
168.19224260337523,M,M,168.0
165.70631558711017,M,M,165.5
166.006913881643,M,M,166.0
158.25190402251081,M,F,158.0
165.9511340286476,M,M,165.5
167.5559325422755,M,M,167.5
160.18548433423217,M,M,160.0
168.26172831604592,M,M,168.0
167.1370204595223,M,M,167.0
154.99701694678794,M,F,154.5
164.87632329586478,M,M,164.5
166.9230277846525,M,M,166.5
160.0027037071295,M,M,160.0
158.30188718731645,M,F,158.0
165.4909662014548,M,M,165.0
174.2073374632401,M,M,174.0
169.61198296723379,M,M,169.5
162.3082972589668,M,M,162.0
167.82553101765612,M,M,167.5
172.3584416742182,M,M,172.0
159.73585649188024,M,M,159.5
165.2586284865112,M,M,165.0
163.3172504678099,M,M,163.0
164.83242698438707,M,M,164.5
160.8466663007067,M,M,160.5
169.14705398725823,M,M,169.0
157.6526277756925,M,F,157.5
166.9230978929955,M,M,166.5
169.50631232898107,M,M,169.5
166.23995482629203,M,M,166.0
168.9930316317841,M,M,168.5
163.64968383807627,M,M,163.5
167.1638206420543,M,M,167.0
161.6103507642906,M,M,161.5
170.72177821464567,M,M,170.5
164.91301538948227,M,M,164.5
166.21393244363074,M,M,166.0
157.04272320857444,M,F,157.0
168.92211939730956,M,M,168.5
177.29569986222856,M,M,177.0
175.432032156883,M,M,175.0
162.23690276672758,M,M,162.0
162.70339349926343,M,M,162.5
159.34438452698836,M,M,159.0
165.2431966190248,M,M,165.0
159.60406815806581,M,M,159.5
165.3915718124319,M,M,165.0
169.45950257651376,M,M,169.0
159.40810022665752,M,M,159.0
166.91208103458854,M,M,166.5
165.11104031652874,M,M,165.0
172.18444260263814,M,M,172.0
161.00386506361352,M,M,161.0
170.7714945452512,M,M,170.5
165.4789706319658,M,M,165.0
167.2878519680484,M,M,167.0
168.60553231676488,M,M,168.5
170.3523705258245,M,M,170.0
170.2051991187889,M,M,170.0
163.7018973837224,M,M,163.5
163.06259719249007,M,M,163.0
165.18803433048404,M,M,165.0
170.50254707557386,M,M,170.5
158.76498407852782,M,M,158.5
163.08522499816218,M,M,163.0
173.74863579735396,M,M,173.5
160.77508766604325,M,M,160.5
166.54071005543676,M,M,166.5
157.79603328447874,M,F,157.5
161.04739248333883,M,M,161.0
175.85232006874043,M,M,175.5
173.69564304766084,M,M,173.5
168.2524075663514,M,M,168.0
164.09101846455812,M,M,164.0
164.94194658858217,M,M,164.5
159.55359131488015,M,M,159.5
161.45520909386101,M,M,161.0
168.40384475913058,M,M,168.0
165.8835593949009,M,M,165.5
168.21812179917774,M,M,168.0
167.0586219568521,M,M,167.0
159.89622124008693,M,M,159.5
173.3590715387061,M,M,173.0
170.67687293317758,M,M,170.5
164.814776915276,M,M,164.5
166.90850110864105,M,M,166.5
163.4870201127762,M,M,163.0
163.9160349994103,M,M,163.5
172.5292501432091,M,M,172.5
171.02451756355228,M,M,171.0
157.68762846950298,M,F,157.5
169.23895127551128,M,M,169.0
163.22370492256212,M,M,163.0
155.03911319586686,M,F,155.0
160.67242207643386,M,M,160.5
169.4353469584437,M,M,169.0
163.2098274733792,M,M,163.0
164.3073828495558,M,M,164.0
163.76817362127403,M,M,163.5
171.20726709453402,M,M,171.0
163.61114625692792,M,M,163.5
171.47557377865527,M,M,171.0
165.40844367932027,M,M,165.0
165.28927804491713,M,M,165.0
161.93161013977902,M,M,161.5
171.59694027133733,M,M,171.5
166.355692407101,M,M,166.0
165.67410029035457,M,M,165.5
163.34658720457548,M,M,163.0
169.25030643147417,M,M,169.0
166.71800270973617,M,M,166.5
169.71318622967752,M,M,169.5
164.56452664424637,M,M,164.5
156.7518093641694,M,F,156.5
165.5440647122549,M,M,165.5
159.9359025804765,M,M,159.5
167.63572510633435,M,M,167.5
156.75680683867725,M,F,156.5
160.88709897580614,M,M,160.5
167.39276209093865,M,M,167.0
161.48200689252528,M,M,161.0
161.6117527855366,M,M,161.5
168.1922071463413,M,M,168.0
166.02379636930112,M,M,166.0
170.9749172296987,M,M,170.5
160.13759787575842,M,M,160.0
149.5150578506499,M,F,149.5
170.8288275495007,M,M,170.5
171.29864152967008,M,M,171.0
162.75432682828384,M,M,162.5
163.05046720263712,M,M,163.0
158.3993097385737,M,F,158.0
165.9062870402855,M,M,165.5
170.7874437859821,M,M,170.5
164.18629400230495,M,M,164.0
172.09203231873246,M,M,172.0
166.44773643634505,M,M,166.0
166.26925916673446,M,M,166.0
167.30677988348614,M,M,167.0
166.18908384115883,M,M,166.0
159.05272587732583,M,M,159.0
163.461055785389,M,M,163.0
172.71229999973423,M,M,172.5
172.79875517013912,M,M,172.5
163.29708792574283,M,M,163.0
161.0175838465178,M,M,161.0
166.6731545427456,M,M,166.5
166.4036681071381,M,M,166.0
160.75677802800098,M,M,160.5
169.06747398476713,M,M,169.0
167.5520080118047,M,M,167.5
159.7740624603025,M,M,159.5
165.72667676285323,M,M,165.5
175.298481414999,M,M,175.0
170.1875313638061,M,M,170.0
172.50542961520415,M,M,172.5
161.39436383189755,M,M,161.0
165.33205450152482,M,M,165.0
160.37510984256969,M,M,160.0
166.13478189645087,M,M,166.0
171.79709480077162,M,M,171.5
170.85441591994785,M,M,170.5
169.35420530718844,M,M,169.0
166.28734652709056,M,M,166.0
170.174812200432,M,M,170.0
167.39350738646476,M,M,167.0
166.63245896920728,M,M,166.5
170.03834181020952,M,M,170.0
158.90419147327503,M,M,158.5
163.2620782525223,M,M,163.0
172.57873458249114,M,M,172.5
159.61787607948338,M,M,159.5
174.03809045848232,M,M,174.0
167.5123468569637,M,M,167.5
171.73895814675774,M,M,171.5
163.45653792739748,M,M,163.0
163.54960497623438,M,M,163.5
169.18386370121465,M,M,169.0
165.43138190045036,M,M,165.0
164.1476744439066,M,M,164.0
162.5566754210818,M,M,162.5
167.31563876042526,M,M,167.0
170.8444531263542,M,M,170.5
163.9422878258531,M,M,163.5
163.46761229570635,M,M,163.0
165.96836023607858,M,M,165.5
162.10921006892914,M,M,162.0
162.78366428942138,M,M,162.5
169.4603311952842,M,M,169.0
167.11747555569386,M,M,167.0
165.5093430124051,M,M,165.5
170.04656173980777,M,M,170.0
163.83615600720327,M,M,163.5
164.8737933553352,M,M,164.5
159.94436303156263,M,M,159.5
160.35601782347428,M,M,160.0
160.3826386151472,M,M,160.0
172.70507649759847,M,M,172.5
158.85154957597,M,M,158.5
167.53734664869827,M,M,167.5
169.05634182917282,M,M,169.0
159.26795862332207,M,M,159.0
166.55496154644584,M,M,166.5
162.37287851049362,M,M,162.0
164.0296388765303,M,M,164.0
169.40061459510778,M,M,169.0
167.97490730454817,M,M,167.5
166.1851240594648,M,M,166.0
158.50982251323532,M,M,158.5
164.1922687785043,M,M,164.0
169.26993410592965,M,M,169.0
168.33869293836054,M,M,168.0
167.60604573169235,M,M,167.5
154.14593158569937,M,F,154.0
161.08612310647612,M,M,161.0
166.407451892917,M,M,166.0
164.78971528619925,M,M,164.5
161.42189945855938,M,M,161.0
164.48227030071178,M,M,164.0
167.7523750644926,M,M,167.5
