height,gender,predicted_gender
160.12823498161373,F,M
150.20152491725483,F,F
156.78570947718717,F,F
149.86492545774382,F,F
154.44939934192806,F,F
157.74870081142575,F,F
156.97129498380247,F,F
144.63556551998863,F,F
159.8849335233022,F,M
155.08367431079824,F,F
137.26173351140193,F,F
155.1172879452858,F,F
149.00900615886107,F,F
154.86887245794892,F,F
155.35655836653655,F,F
154.11689488948426,F,F
155.8502693641,F,F
146.57081252378708,F,F
155.62479719445395,F,F
154.09933138469756,F,F
143.97175994350894,F,F
154.50059186890778,F,F
147.88538096614386,F,F
154.80570645077222,F,F
151.65574942188636,F,F
152.57856525799525,F,F
153.6936470639339,F,F
149.0861461894305,F,F
148.51237200468833,F,F
146.76630715576667,F,F
144.5909824870667,F,F
159.6448060227155,F,M
148.58507820463407,F,F
150.67540966522125,F,F
159.0713955774691,F,M
150.63665505833984,F,F
156.64239439761556,F,F
148.25867268907416,F,F
145.35982780111246,F,F
150.38937812534218,F,F
156.08678764524808,F,F
154.77233410990286,F,F
156.68392414579247,F,F
148.6736821660909,F,F
143.79090167926145,F,F
148.5669358120163,F,F
139.09444914700444,F,F
151.26689644127993,F,F
156.53541903334525,F,F
154.06497698999036,F,F
151.64985508035866,F,F
147.73695295304694,F,F
145.6409032776552,F,F
155.59311617686197,F,F
144.7317743704315,F,F
152.8120652612469,F,F
138.7634587760911,F,F
150.87586947270105,F,F
156.02013846796112,F,F
152.66116239991555,F,F
151.0718392173539,F,F
153.13042120400596,F,F
156.77153453887618,F,F
171.5087769768192,F,M
151.12192305392315,F,F
154.58182987701508,F,F
146.54200363320882,F,F
154.82754475021903,F,F
150.882388357228,F,F
159.64502225746295,F,M
151.07561448539616,F,F
147.35812096701514,F,F
157.1940779904125,F,F
153.41884785157097,F,F
158.55570200105942,F,F
157.3231981593469,F,F
144.43376556365135,F,F
160.74693526351993,F,M
148.27775386253288,F,F
154.20381370883854,F,F
156.22676591067906,F,F
156.3891496074345,F,F
146.1836160325864,F,F
150.8904134173963,F,F
144.27724451797292,F,F
157.85986753510508,F,F
157.4973505180203,F,F
153.15257675196588,F,F
152.0842606159453,F,F
148.73815960535063,F,F
152.4974235429636,F,F
156.4722904135254,F,F
153.87759390006389,F,F
156.44305657625296,F,F
154.57115272673556,F,F
161.33623731069378,F,M
158.15138899100253,F,F
155.6879127379412,F,F
155.37911925146682,F,F
142.794184311987,F,F
149.78627026799455,F,F
151.31483978229633,F,F
144.76581827672214,F,F
153.01372162537777,F,F
157.0376709266309,F,F
144.58993624708296,F,F
150.7740375479241,F,F
152.83683937957602,F,F
160.3148468705245,F,M
150.69713546063633,F,F
147.9162384513902,F,F
156.86985835969762,F,F
145.37998813794832,F,F
156.50245521881033,F,F
156.28052645425132,F,F
156.84218632887604,F,F
156.8987865613165,F,F
152.2982111353493,F,F
159.49469661134938,F,M
151.85143928009802,F,F
151.88776201728095,F,F
151.14389491238865,F,F
149.2708276116233,F,F
155.52570943690273,F,F
164.6021129115597,F,M
153.34198173557783,F,F
159.4714433265165,F,M
147.95154718516827,F,F
158.88835491042536,F,F
163.58391906677812,F,M
148.39278860092554,F,F
147.3482126209498,F,F
149.93600853624454,F,F
152.17126358012607,F,F
158.3875551684817,F,F
150.7001229060078,F,F
155.59078849236195,F,F
148.01050910458525,F,F
156.78023849743104,F,F
153.55841281379568,F,F
158.14968110006757,F,F
162.41647817447242,F,M
151.3881351219357,F,F
147.68948771056873,F,F
153.8799472511979,F,F
145.04570787192577,F,F
149.06925732165058,F,F
148.72128430893383,F,F
145.35097261944003,F,F
153.26280090508075,F,F
149.36735130947162,F,F
159.68830128720737,F,M
161.96379355667693,F,M
159.30060304346398,F,M
146.9607431061852,F,F
159.09990246703947,F,M
155.67262570720996,F,F
146.32733759859133,F,F
157.5535714340554,F,F
148.74972753666216,F,F
156.56975848401916,F,F
149.95686397563009,F,F
159.77793795380822,F,M
157.65407970700352,F,F
152.57620756763217,F,F
151.35796546564086,F,F
153.64438583406113,F,F
148.3982024613669,F,F
146.19844969571975,F,F
158.01212825391093,F,F
147.92755520735406,F,F
156.6643517694136,F,F
150.22899303966787,F,F
166.1380981760739,F,M
146.80241605109865,F,F
150.43945508077232,F,F
155.5519750846379,F,F
150.1456192839022,F,F
146.16537281944167,F,F
141.29650893970182,F,F
148.91746829242697,F,F
149.8337755957788,F,F
155.6393582895881,F,F
143.29452082075412,F,F
153.41278787276514,F,F
143.1792317377616,F,F
145.36591005974188,F,F
152.22743750966563,F,F
150.11549277669718,F,F
152.945843044397,F,F
151.33612974985604,F,F
146.19375569859608,F,F
149.03528331990387,F,F
152.07536735967346,F,F
140.46599122766136,F,F
153.75180870020114,F,F
154.6006588615492,F,F
153.08236411940678,F,F
158.36487367654928,F,F
156.38524136808195,F,F
142.18116149330996,F,F
158.69381227331078,F,F
143.52301768548494,F,F
156.23798504899077,F,F
147.3336880075971,F,F
155.04183821013072,F,F
141.18203543835395,F,F
154.31090166984126,F,F
159.2614352150234,F,M
147.79021743979263,F,F
159.9663527370721,F,M
151.0041187196826,F,F
161.2118129841184,F,M
150.7007296673186,F,F
147.47908162953968,F,F
154.90569512214526,F,F
144.5575890153893,F,F
157.5037150348131,F,F
138.66159727871852,F,F
149.09748273934298,F,F
161.39163728670275,F,M
155.59242657957952,F,F
150.36434704130323,F,F
148.71259252411224,F,F
150.08967883418597,F,F
151.73380526171715,F,F
159.82626755890254,F,M
149.71244591261646,F,F
153.0405279506683,F,F
151.01188969486512,F,F
150.41447350193084,F,F
150.7692545573242,F,F
156.8547080761567,F,F
146.46956960981046,F,F
158.5002991357852,F,F
147.26670010762223,F,F
149.99966569267505,F,F
153.31427898222896,F,F
152.8544366441389,F,F
144.10516590494558,F,F
147.43878277715584,F,F
160.31232430225762,F,M
150.70748097224828,F,F
148.17252825048115,F,F
149.64505209793396,F,F
160.1454529680118,F,M
148.45463570804966,F,F
164.86177390389335,F,M
151.01897552759905,F,F
147.444407693919,F,F
157.00144994282996,F,F
137.81931002834014,F,F
158.41636181309178,F,F
156.5064404427332,F,F
156.28650993420996,F,F
147.4785415044592,F,F
156.15947206307965,F,F
149.98665612158555,F,F
145.59306164987956,F,F
150.22352030464444,F,F
150.84202658124715,F,F
150.48232465339115,F,F
151.65524682647822,F,F
149.24900510782456,F,F
150.761562730058,F,F
150.83227344108474,F,F
152.23929480968178,F,F
148.63286278815767,F,F
148.6418484395739,F,F
151.21779549179973,F,F
150.45886106581887,F,F
154.74581989135422,F,F
150.3283028006956,F,F
147.4428618656479,F,F
156.823465664415,F,F
147.58941194774965,F,F
159.60763361949756,F,M
151.51476270722088,F,F
156.30054666187934,F,F
146.51727254250542,F,F
146.82839138801535,F,F
158.07232306490178,F,F
154.87568073220297,F,F
145.06414837458172,F,F
155.78012789005106,F,F
145.9217045803812,F,F
155.2092890162606,F,F
152.26580640452642,F,F
151.54124192933193,F,F
147.41468374498442,F,F
151.10374101478317,F,F
154.9146618374708,F,F
151.01818384141203,F,F
151.58499618618822,F,F
147.13470695175235,F,F
149.55530521203318,F,F
138.60889673110088,F,F
149.88070429603576,F,F
152.01079115265938,F,F
154.46216155556388,F,F
147.36856156754575,F,F
160.92428877885163,F,M
145.5123435398763,F,F
154.9783794820215,F,F
154.75208771367045,F,F
157.16782265862457,F,F
145.65569122458805,F,F
149.35438627969194,F,F
160.94579674544704,F,M
150.7621355436301,F,F
148.46809813637967,F,F
148.0853013425375,F,F
151.57058080012183,F,F
160.65070493669106,F,M
151.18701954740976,F,F
140.6275448630472,F,F
147.0664314109467,F,F
139.41150508694318,F,F
154.18103931479266,F,F
140.69229462129888,F,F
156.73028411984376,F,F
156.60589407909524,F,F
161.80467901847365,F,M
150.43715237301254,F,F
158.85149644886832,F,F
150.89583331427139,F,F
141.2114996259244,F,F
148.0565480275885,F,F
148.40508527088187,F,F
148.34536563725553,F,F
156.5083388457206,F,F
153.13496926654406,F,F
149.22633117732545,F,F
152.95959172278185,F,F
158.21763763916087,F,F
154.08451951574463,F,F
155.88023224102022,F,F
153.47695743458056,F,F
149.92746558253071,F,F
149.789249818039,F,F
154.42750488499746,F,F
153.5289575671683,F,F
155.99141869002585,F,F
155.5119110500253,F,F
144.89346556736456,F,F
153.4671355869647,F,F
145.86849719305218,F,F
164.50319888134229,F,M
148.6699463448406,F,F
152.99647230406487,F,F
148.5563866703959,F,F
155.8063334838208,F,F
146.7892884818717,F,F
148.11181926549312,F,F
151.48514224021415,F,F
139.8797950031618,F,F
156.0591246996146,F,F
143.10874024963658,F,F
141.23405995287476,F,F
157.23802634795362,F,F
148.12906041529848,F,F
163.18557312071277,F,M
159.62535033979825,F,M
156.60031426474418,F,F
155.3005016310567,F,F
157.3598786568353,F,F
167.80286637371643,F,M
155.0727679273922,F,F
155.24359500811784,F,F
156.6942339762629,F,F
155.41296020163898,F,F
147.85620925964335,F,F
155.6838168512423,F,F
160.71641690303818,F,M
157.0949987278575,F,F
148.38797119502104,F,F
164.25539251897638,F,M
150.565496075563,F,F
152.63588099991657,F,F
152.7643826398139,F,F
147.2849470445375,F,F
148.86241785481408,F,F
136.67695903150005,F,F
157.9304194054152,F,F
143.23581865052924,F,F
148.94625710819216,F,F
150.35562604667513,F,F
150.35340594627695,F,F
147.8699835504502,F,F
152.10667259017328,F,F
142.57225303364658,F,F
152.85309508712427,F,F
156.84153032520706,F,F
150.9537986484476,F,F
150.90275228671027,F,F
143.35195760009935,F,F
151.28581316544086,F,F
150.54404020978103,F,F
147.27131577890873,F,F
150.49461882947077,F,F
149.1296144874689,F,F
148.6019161879761,F,F
151.5517065554302,F,F
151.4419333343195,F,F
147.99608807212235,F,F
154.65754965583767,F,F
142.24879174777504,F,F
157.75492570979586,F,F
151.06988589604336,F,F
156.76902838591948,F,F
154.02138937849338,F,F
158.07322942977987,F,F
157.2818845763051,F,F
154.87339764811688,F,F
152.65521491944224,F,F
146.354055236166,F,F
152.0749879513463,F,F
147.05956088115798,F,F
151.44317109768355,F,F
153.17771234411475,F,F
152.97690644779865,F,F
159.09945036685752,F,M
142.02960283809617,F,F
156.40316443403034,F,F
154.17409546840932,F,F
150.2695329743873,F,F
158.2291167225912,F,F
154.1502301671512,F,F
152.27877019712218,F,F
157.7423034470934,F,F
150.58803797070294,F,F
148.35323757087028,F,F
146.4621268819351,F,F
144.19896776318197,F,F
154.48451504313684,F,F
155.7370427984871,F,F
157.15339252113668,F,F
150.05832971910172,F,F
152.96400060547154,F,F
150.84954835893043,F,F
143.17886679596825,F,F
160.23761978129804,F,M
156.7230527665882,F,F
149.93287346473437,F,F
153.63315361401015,F,F
164.32378746542827,F,M
158.79151785995086,F,F
154.9499072838568,F,F
159.5530312655222,F,M
153.08788722215186,F,F
151.07105342860874,F,F
149.5223780594905,F,F
148.43492033107282,F,F
149.62820214110988,F,F
148.1509758811782,F,F
145.93014241656414,F,F
155.4254682737092,F,F
151.56318581594834,F,F
154.99011034193097,F,F
152.12932151814033,F,F
149.8820681837056,F,F
165.67672253845947,F,M
152.30918231295388,F,F
157.01017417718174,F,F
157.2609065911381,F,F
145.68350413356004,F,F
148.38782160279715,F,F
142.29041315048207,F,F
151.27305775021355,F,F
154.49294445260307,F,F
153.33309985540592,F,F
150.87113409826,F,F
147.91700361750162,F,F
147.80586659164575,F,F
155.36342611397868,F,F
150.66788201742096,F,F
150.8989357651102,F,F
157.91614819140946,F,F
155.73653865361197,F,F
156.24291631342842,F,F
151.62281883456004,F,F
154.1791913156841,F,F
153.42910347988237,F,F
153.5865438520401,F,F
154.00740229652357,F,F
142.88517253536148,F,F
145.7966882634596,F,F
155.1163824487785,F,F
155.82192331799206,F,F
158.15690836668733,F,F
156.39221837654944,F,F
154.65605320351025,F,F
144.60335700468517,F,F
154.3333232563211,F,F
143.75642241284731,F,F
140.7084311930969,F,F
150.3454616290839,F,F
158.78347326199784,F,F
149.82765489250957,F,F
152.7417502425328,F,F
144.6990239503367,F,F
159.55396843135634,F,M
150.6569100218133,F,F
157.2613480406283,F,F
146.9067614138354,F,F
159.32580124920025,F,M
156.51401108801724,F,F
155.35240564359918,F,F
150.28256230360242,F,F
158.53083745838845,F,F
151.72093105940482,F,F
149.55286853745372,F,F
153.81712468270712,F,F
153.64574709785643,F,F
142.71075766847744,F,F
155.77957263136778,F,F
160.8333099963117,F,M
155.59686535080274,F,F
151.90145460187728,F,F
145.19027242714014,F,F
144.0415740607104,F,F
152.41996263155016,F,F
151.89648032293246,F,F
147.90346179888687,F,F
155.6830111721386,F,F
150.4393573086913,F,F
154.29249288441775,F,F
153.74855423945414,F,F
150.82240304098988,F,F
153.22554540768445,F,F
158.97533575278123,F,F
155.74914564306968,F,F
154.8697097217724,F,F
155.1305043556232,F,F
143.88052014251898,F,F
156.11963474278804,F,F
158.10313671073914,F,F
153.42179737616237,F,F
159.3612399433107,F,M
156.82234114247652,F,F
154.30203979765335,F,F
157.53125918265644,F,F
159.04367352743338,F,M
149.8129302309901,F,F
146.03356775817198,F,F
152.4805557401471,F,F
149.58828482890777,F,F
149.6436812341091,F,F
152.1117925854052,F,F
145.81968977321839,F,F
162.27008072845317,F,M
147.6453395870009,F,F
153.4618273169147,F,F
153.72270979242964,F,F
151.03854388831206,F,F
157.89920758300596,F,F
144.3166372154145,F,F
156.88964515250169,F,F
148.81027120582965,F,F
162.1793196519185,F,M
155.54559177965436,F,F
152.74138431141822,F,F
157.59898839276482,F,F
145.62487857422272,F,F
147.033300452391,F,F
155.05571425323893,F,F
142.23256012444097,F,F
149.43522882779686,F,F
151.8842971611054,F,F
150.97425425199643,F,F
149.61886424479536,F,F
156.00316004264852,F,F
156.3244691856389,F,F
146.50865622242358,F,F
147.95207343093753,F,F
159.84673092900414,F,M
153.32100923609457,F,F
149.85553773726235,F,F
158.06759951143826,F,F
148.444151647955,F,F
155.84019047904425,F,F
151.7301375608852,F,F
151.18352035308814,F,F
150.04698592803697,F,F
154.55482104859303,F,F
152.4559948586686,F,F
154.82817418948056,F,F
159.01753176812002,F,M
152.1290537036218,F,F
143.0733377239173,F,F
156.85463048303504,F,F
153.53969988317033,F,F
148.34341914759634,F,F
141.9650241106151,F,F
147.64594010816165,F,F
151.56474483000954,F,F
158.36664006786413,F,F
149.65811335449757,F,F
153.49730181319748,F,F
154.5813391788187,F,F
152.44078292004633,F,F
151.47702138042388,F,F
150.24600180825038,F,F
150.57963871428925,F,F
147.00274940611348,F,F
149.91342449683472,F,F
156.56123475520218,F,F
147.86803238834094,F,F
152.99403848130214,F,F
153.09342916542923,F,F
144.23308067524601,F,F
149.93407133334833,F,F
148.62635857691566,F,F
158.8912899538852,F,F
149.5589866351739,F,F
158.40545282340085,F,F
161.36666450906483,F,M
151.46654264437345,F,F
156.4083893393229,F,F
145.3059606494247,F,F
157.13648351377074,F,F
146.52248468965382,F,F
148.36940578719685,F,F
146.07794797349663,F,F
156.56440940352863,F,F
152.67856904661065,F,F
158.27502538057487,F,F
149.0260591533331,F,F
146.5529679143715,F,F
154.73007510389772,F,F
151.87056001387396,F,F
146.9485073860383,F,F
160.65962725695536,F,M
153.22735185948656,F,F
148.87451577406836,F,F
140.72201817881674,F,F
153.21910678305383,F,F
155.69319103166137,F,F
151.59128820029713,F,F
153.2542256427192,F,F
157.77473552216227,F,F
160.4542195307427,F,M
150.03763226770567,F,F
156.15002013663832,F,F
154.4438151761965,F,F
147.95820116522486,F,F
150.19317630681826,F,F
156.82732616908115,F,F
151.36988579793024,F,F
153.1219449461452,F,F
144.73678145948128,F,F
156.6686135373495,F,F
146.57206031349628,F,F
150.55586694943813,F,F
156.49502462298787,F,F
153.1343939963347,F,F
154.4585563436973,F,F
152.07712603006814,F,F
143.9108597093828,F,F
153.56053695959682,F,F
156.70691120468572,F,F
145.89935602666984,F,F
149.85552577722697,F,F
154.7771192447048,F,F
153.1172187282352,F,F
152.85980768188463,F,F
156.98221055918285,F,F
147.90329269491008,F,F
147.9731831569667,F,F
151.9020168346622,F,F
153.7041136035353,F,F
144.14642654021168,F,F
148.0322716398657,F,F
151.703474124327,F,F
154.6444254907441,F,F
142.81356256192598,F,F
145.8770387428054,F,F
159.70296047769557,F,M
161.4109518239665,F,M
143.914206298493,F,F
149.792359610381,F,F
148.5101888073766,F,F
158.8890525972817,F,F
159.4637615931611,F,M
152.17506160468884,F,F
152.38465571730714,F,F
158.22093054601868,F,F
154.96073637258473,F,F
156.02788662992518,F,F
154.17152205997866,F,F
156.28642799282056,F,F
154.61175939097916,F,F
156.02217300176957,F,F
151.8970134944616,F,F
149.31941332991315,F,F
142.21526018270777,F,F
153.12314453739933,F,F
154.1214784270801,F,F
148.09916829290205,F,F
156.4090622277916,F,F
147.60278861722662,F,F
150.95483719808303,F,F
147.33837647769525,F,F
151.1186729327993,F,F
155.4853066193231,F,F
149.36029653898913,F,F
147.55066038904425,F,F
145.63963679335333,F,F
152.16006995840374,F,F
150.46831243252558,F,F
156.29831554335146,F,F
150.35527240602562,F,F
160.29816322834907,F,M
145.7699531483311,F,F
153.1418418806036,F,F
161.5700843290006,F,M
161.5441619299692,F,M
151.77109255408834,F,F
156.233774372058,F,F
156.3316140020616,F,F
158.6391836210238,F,F
149.9322861985618,F,F
148.47367310767322,F,F
151.35335910173572,F,F
149.27153664405145,F,F
146.8265597470427,F,F
146.91322514901668,F,F
156.89039313926557,F,F
156.20705390443536,F,F
147.12236391129548,F,F
144.41791205983742,F,F
147.98730828391365,F,F
151.50031617026264,F,F
148.78718087346795,F,F
147.0481744554852,F,F
158.99086246289588,F,F
152.82080107754288,F,F
158.5742232406279,F,F
150.40500520795166,F,F
152.72132232661406,F,F
156.21093463668606,F,F
155.9672091103957,F,F
153.33820569425208,F,F
154.5845195080973,F,F
143.3742316713779,F,F
157.0683291954079,F,F
152.69946373206295,F,F
155.08173528206862,F,F
156.67883985719064,F,F
151.3055606840389,F,F
143.70009723457665,F,F
154.43590402181985,F,F
160.01167285197795,F,M
156.0254529174077,F,F
146.59234988266778,F,F
146.73537797356528,F,F
152.4093288594576,F,F
158.07465982443082,F,F
153.38459039730554,F,F
149.7571498243563,F,F
154.8730382298397,F,F
142.1786785511399,F,F
157.52158241956352,F,F
153.2714494469953,F,F
148.39878838773856,F,F
158.30043841193947,F,F
153.37784889854737,F,F
155.46725226283928,F,F
144.88360857994633,F,F
156.66540161314504,F,F
160.4080124377585,F,M
141.50432509079988,F,F
152.47835875300285,F,F
150.86824734824185,F,F
152.41589722244282,F,F
146.34721677830063,F,F
149.08170087721015,F,F
150.15808535759857,F,F
151.11724909074968,F,F
150.02407212200907,F,F
146.5920236090297,F,F
148.316424655004,F,F
145.58543223236887,F,F
142.3297829950351,F,F
147.1552325760855,F,F
158.1932876812828,F,F
150.15516528156516,F,F
154.26377298243372,F,F
149.97914734113775,F,F
156.96525272428525,F,F
143.98214118713432,F,F
148.062991225009,F,F
158.87235624935147,F,F
163.82141337201722,F,M
149.64565239085522,F,F
156.18008878649542,F,F
146.92809229123793,F,F
149.42099252264816,F,F
151.01934462941347,F,F
158.25160158219796,F,F
144.942327555306,F,F
141.15962164941766,F,F
149.96456844375564,F,F
156.990639129895,F,F
157.2306205985215,F,F
155.52085280913258,F,F
149.1440316821327,F,F
140.95869055600727,F,F
158.58877463901717,F,F
147.83692684717954,F,F
142.29751272297753,F,F
156.1758010409427,F,F
146.78488968677522,F,F
152.6201340226477,F,F
144.72157576441037,F,F
155.75651882180026,F,F
149.66955583658847,F,F
153.25965611187283,F,F
154.6672859408509,F,F
148.06417462258955,F,F
151.86334629021283,F,F
156.64291612496916,F,F
150.21608859575878,F,F
145.6651862669288,F,F
155.33779851809993,F,F
151.93678903927614,F,F
146.994760217138,F,F
150.2005575644456,F,F
153.14809469360603,F,F
151.9048282748525,F,F
152.0278343360227,F,F
157.71782309348816,F,F
156.9220384040951,F,F
152.38677853038837,F,F
150.6779603982069,F,F
155.68603308911312,F,F
146.35551680462902,F,F
155.85739180846494,F,F
160.54494308760772,F,M
146.71801216285692,F,F
146.0410870122723,F,F
151.15966148717243,F,F
149.05040059405115,F,F
154.24225098750298,F,F
149.6615657736475,F,F
147.0439340060453,F,F
145.07145691733345,F,F
153.08787046739042,F,F
151.19758325658148,F,F
150.09163313843777,F,F
152.79974083129954,F,F
155.78523626112087,F,F
147.52876108019075,F,F
143.53610705010865,F,F
155.1523368494026,F,F
146.61905280831945,F,F
145.32386697062023,F,F
140.201194416608,F,F
156.4739246964253,F,F
145.71359279389353,F,F
146.0145402912949,F,F
146.83591829098202,F,F
154.01499072964694,F,F
148.4193267865128,F,F
147.96589565587604,F,F
161.87328738240421,F,M
161.44539266857916,F,M
156.37573260441178,F,F
149.054655908364,F,F
150.0087636969342,F,F
160.1822993382181,F,M
156.6779053092572,F,F
158.49494792320306,F,F
157.0816342846655,F,F
152.32232982801716,F,F
155.1112231978318,F,F
143.08285135724157,F,F
153.2502768570848,F,F
153.100717841965,F,F
151.66533373561086,F,F
148.7745395080874,F,F
154.0020163715679,F,F
149.22108424776232,F,F
151.00358210086463,F,F
159.63293631477575,F,M
151.67597211122745,F,F
144.83869375366103,F,F
156.624967204336,F,F
155.7789875093954,F,F
154.23236074451373,F,F
152.54072423578103,F,F
151.59007175663012,F,F
157.71822341003545,F,F
146.37591645092948,F,F
157.25904387758385,F,F
157.8180092699858,F,F
150.70906479787035,F,F
157.91689389286657,F,F
154.5926708283451,F,F
152.48347370195685,F,F
148.38353127700393,F,F
158.9677807721347,F,F
151.41930888499826,F,F
159.48142135385535,F,M
160.87446646579772,F,M
145.23221723192214,F,F
160.75647485359505,F,M
152.24811753316175,F,F
146.29299642704692,F,F
153.71754866978554,F,F
152.50879704721308,F,F
153.6083140762127,F,F
158.3782221597178,F,F
155.02614372118836,F,F
152.53297114445598,F,F
155.7207852260098,F,F
152.07748429912706,F,F
146.59981154848413,F,F
155.1425635819787,F,F
150.46567859885886,F,F
152.52592271332384,F,F
158.19296177225468,F,F
148.32395346198462,F,F
141.39260026346503,F,F
148.49338623809982,F,F
153.20399587872748,F,F
144.91777538644791,F,F
150.08999883990518,F,F
151.8868457620941,F,F
148.49477293387457,F,F
159.5410069624588,F,M
161.36058472172215,F,M
149.26458896346716,F,F
161.81173883530573,F,M
151.89305483245667,F,F
141.54691528854858,F,F
154.1333401418876,F,F
152.1179094293368,F,F
153.9723744478821,F,F
148.76682027710027,F,F
147.59577084784317,F,F
151.71946238507658,F,F
147.84371526072275,F,F
155.08666177038847,F,F
150.81240971351775,F,F
159.02007602110692,F,M
157.0795055440408,F,F
154.1366916680563,F,F
146.0054782425772,F,F
154.0981671480715,F,F
159.29926268059657,F,M
148.00060640038237,F,F
148.2039148888767,F,F
159.75213441853012,F,M
156.5782094958832,F,F
160.5494800131618,F,M
151.12739536843642,F,F
155.61324915414642,F,F
147.88404404199053,F,F
157.7922069339306,F,F
153.1962802130364,F,F
155.28746886566555,F,F
154.68631478964141,F,F
146.50118000452048,F,F
155.93979978313632,F,F
150.3955161941348,F,F
146.06607730799442,F,F
165.5716596782665,F,M
145.71766930592858,F,F
147.14909194253076,F,F
156.02677320634433,F,F
149.94572582870506,F,F
154.32171900044563,F,F
165.21369735329495,F,M
152.3691273817862,F,F
150.88528526554077,F,F
156.57909514587317,F,F
159.2304110332708,F,M
157.5974022675352,F,F
158.17905945855452,F,F
151.81840484261818,F,F
146.98296835557056,F,F
150.66119623829158,F,F
152.12391177421551,F,F
159.48488057337858,F,M
144.9076088688479,F,F
153.33574851626983,F,F
161.93787683499238,F,M
148.1726521781845,F,F
153.38259876925804,F,F
149.7865132788425,F,F
156.2003268091756,F,F
155.90081220450386,F,F
154.80419896986683,F,F
147.5161677992809,F,F
146.50276648939519,F,F
164.04886667765743,F,M
152.11227964521777,F,F
141.2639327127279,F,F
156.68102464624064,F,F
178.324885190536,M,M
161.8945376765728,M,M
166.3349117002555,M,M
165.99371093659812,M,M
179.63832419788227,M,M
162.94686424163424,M,M
161.7959722060395,M,M
167.61008024158414,M,M
159.57149778505448,M,M
166.71750398442606,M,M
180.4182533184963,M,M
167.12263951046813,M,M
160.1749832498761,M,M
161.99578067011836,M,M
165.11875814875432,M,M
168.18432810769662,M,M
160.995198119809,M,M
170.93207785875822,M,M
170.7183453291688,M,M
164.4421474244095,M,M
172.3849784293437,M,M
160.96559955898778,M,M
174.35356320165155,M,M
171.81560587972533,M,M
166.39432184808186,M,M
158.25365816466072,M,F
158.99198399688035,M,F
162.2025785751272,M,M
168.81832694255377,M,M
162.7482974225896,M,M
159.84959092900797,M,M
164.91224140811366,M,M
167.0022946788531,M,M
169.6862680951151,M,M
168.60157177450716,M,M
161.02308171064334,M,M
161.45494587834946,M,M
171.41586063369544,M,M
159.2372125554598,M,M
162.42232123242428,M,M
162.42750034400171,M,M
163.6249289027096,M,M
166.51728622535325,M,M
168.7862212616133,M,M
172.25039947434504,M,M
170.0277342899155,M,M
156.24976181761483,M,F
165.85682402694258,M,M
164.00196453701977,M,M
162.91688486561557,M,M
162.5079234144384,M,M
167.97953079932122,M,M
170.06217636300156,M,M
172.19730830292892,M,M
170.65491443026025,M,M
171.52276242961648,M,M
159.12555063297856,M,M
150.86861072255837,M,F
160.92590256540245,M,M
166.7211487792831,M,M
157.16766981475965,M,F
169.21519096401784,M,M
167.60797163388924,M,M
173.1086509091462,M,M
168.53226419675556,M,M
163.12028754719503,M,M
160.2192312778149,M,M
173.6837715167249,M,M
176.5786457374025,M,M
164.5864417216031,M,M
169.53338472850575,M,M
161.12914762828095,M,M
176.37070971017567,M,M
169.93449688929155,M,M
162.66741045659853,M,M
161.25561626455604,M,M
176.07819144846965,M,M
152.95900897859462,M,F
165.74752983496057,M,M
159.47907446145717,M,M
168.73256601197173,M,M
168.12689437823832,M,M
162.22356091200118,M,M
174.60007904725035,M,M
159.8955153100061,M,M
158.38540018600224,M,F
168.89272424436956,M,M
164.65503211722466,M,M
167.16804385014348,M,M
166.43507901258545,M,M
157.06821875944624,M,F
161.2812265042182,M,M
171.48985586467646,M,M
172.5179286668959,M,M
164.87375268572492,M,M
164.8022531498485,M,M
170.42118190475935,M,M
159.5583063437656,M,M
154.11369492978204,M,F
163.77876312709913,M,M
165.16906527707457,M,M
156.6783379672006,M,F
155.90972650031276,M,F
177.6390210386765,M,M
167.44263094328696,M,M
169.3640253194386,M,M
165.7112382390674,M,M
162.70693288782257,M,M
169.1881237458986,M,M
169.015182478336,M,M
167.12117147211816,M,M
167.60231983938937,M,M
171.20313400266193,M,M
170.21120656988762,M,M
166.1846571454476,M,M
166.96198774124343,M,M
174.41037571575205,M,M
171.54865890940135,M,M
168.84800130320434,M,M
173.63169167554756,M,M
175.81587218761123,M,M
174.89082593164116,M,M
164.20731218355195,M,M
165.31331914696827,M,M
168.42288576846127,M,M
164.33489830681447,M,M
150.8335597325864,M,F
161.91105770420393,M,M
163.24378135537458,M,M
165.6588700728753,M,M
164.83340302024655,M,M
165.53483858652973,M,M
158.0688671491943,M,F
165.42436747727163,M,M
171.0087147426853,M,M
164.5530330780431,M,M
161.5517577397806,M,M
165.0999540453841,M,M
156.30024677450828,M,F
153.21528785985714,M,F
168.34551889599416,M,M
157.9803557127193,M,F
158.4694908154327,M,F
166.20698868143648,M,M
169.7530725381227,M,M
178.84360735733998,M,M
164.1762015893045,M,M
166.1767882935711,M,M
163.30004425731633,M,M
169.78797555863162,M,M
168.49382016947226,M,M
161.46990562935278,M,M
178.33627619795416,M,M
169.655549281461,M,M
168.72196536872153,M,M
177.28182166860026,M,M
164.24289970457167,M,M
166.58645323316415,M,M
166.95645180448062,M,M
163.3069369560265,M,M
160.96437958508287,M,M
168.29863005254055,M,M
174.4069273506569,M,M
163.9217261245512,M,M
166.0244654679484,M,M
175.08843474658477,M,M
158.5093019623795,M,F
165.01748478962338,M,M
171.35345662257342,M,M
171.85607446514842,M,M
164.2575868750534,M,M
166.9959034248871,M,M
169.6113124715496,M,M
172.9195932502721,M,M
169.24964587745043,M,M
171.69848192332802,M,M
173.94160838864266,M,M
162.74289141222766,M,M
171.90407902365527,M,M
171.02511920321876,M,M
158.83309950317454,M,F
167.00028928216335,M,M
171.17890827808938,M,M
167.2244940966832,M,M
161.12389811551083,M,M
166.92730165712607,M,M
174.29807092026772,M,M
160.3851455429719,M,M
168.76567537962356,M,M
161.00379467159127,M,M
160.07734093831704,M,M
164.34711782012778,M,M
162.42944451445373,M,M
166.08360558061898,M,M
166.67597782831425,M,M
166.51649213183236,M,M
165.34107369354427,M,M
168.0981945126211,M,M
172.02641395577552,M,M
173.58653606416198,M,M
170.880279606735,M,M
164.18307875391625,M,M
170.10790120380076,M,M
156.4487882045904,M,F
166.05029941564564,M,M
163.24276807988372,M,M
181.27813095833747,M,M
166.01720146108136,M,M
167.42468780956037,M,M
169.43481084755214,M,M
168.60197490328844,M,M
166.1730135693831,M,M
172.69373687919915,M,M
165.135162045698,M,M
160.64432310834377,M,M
167.97054525869422,M,M
167.0403550995587,M,M
160.46659914253047,M,M
162.92242550664668,M,M
159.23042906326324,M,M
171.2517226936495,M,M
162.94798218822731,M,M
169.3819332969728,M,M
160.33698190435513,M,M
179.57423591256213,M,M
160.76251425603206,M,M
161.25382276663655,M,M
168.75834617395623,M,M
154.3220274585857,M,F
161.1072625346527,M,M
167.99149190476209,M,M
166.25035375670467,M,M
179.92996005057637,M,M
168.7233753464688,M,M
161.920088225584,M,M
166.9354463129814,M,M
164.51541651530889,M,M
171.79507649999624,M,M
167.9841342528695,M,M
167.86657606704486,M,M
175.69031184823604,M,M
169.98596047269024,M,M
161.01816668649494,M,M
163.49057851264357,M,M
168.5277393149444,M,M
167.374917737064,M,M
169.3328190642122,M,M
164.7475735973463,M,M
160.68375494179932,M,M
160.33718193661838,M,M
175.26185608044915,M,M
160.07201901861757,M,M
169.39867881551066,M,M
165.00042934594174,M,M
160.28178485428384,M,M
166.10042735266302,M,M
176.30231247769015,M,M
162.5236616850576,M,M
166.94088384405265,M,M
161.76267431014958,M,M
166.2636126799093,M,M
161.3089447217225,M,M
169.38002897477833,M,M
166.51136245060803,M,M
165.48008106751982,M,M
164.46266696291707,M,M
166.30227244059213,M,M
161.0983898793607,M,M
170.16647629006755,M,M
166.58731423420116,M,M
164.4459149294404,M,M
162.69073429375513,M,M
168.85665681747648,M,M
170.80543097148052,M,M
164.72868754202042,M,M
169.85103242818386,M,M
170.8265208040398,M,M
159.52109344230513,M,M
154.77399676058582,M,F
170.52656508144653,M,M
159.31891274908486,M,M
158.7209138060359,M,F
170.10577618727575,M,M
164.79588458731413,M,M
156.78109462999137,M,F
164.22182628268888,M,M
170.90061105622607,M,M
162.0758852689843,M,M
167.66653531833416,M,M
158.2519633838582,M,F
168.17135873195886,M,M
163.81265535120724,M,M
170.41050508212453,M,M
166.64396666826755,M,M
165.99499689193817,M,M
164.10742498856973,M,M
174.81269906913914,M,M
164.67457615595788,M,M
173.82987745225185,M,M
162.03434282956303,M,M
169.19880439735306,M,M
159.96063942173632,M,M
154.17559092853975,M,F
170.72528017638655,M,M
156.82030135932325,M,F
171.88933539379636,M,M
167.62507684919396,M,M
164.60204873589154,M,M
164.87868140203042,M,M
164.08772180376843,M,M
162.16412129033213,M,M
168.75330094826998,M,M
164.37374977467158,M,M
176.10488152501648,M,M
165.7355908436572,M,M
169.05449485798368,M,M
172.9097239951964,M,M
163.63822855631437,M,M
172.57833120881241,M,M
166.76443717603553,M,M
168.912642363567,M,M
168.4780073121542,M,M
164.71541718679788,M,M
176.96618552747609,M,M
160.6427123424278,M,M
168.97217517779345,M,M
168.12947778469658,M,M
170.45480215005063,M,M
167.18250074181503,M,M
165.5993111273395,M,M
171.2969070606137,M,M
161.5157132603787,M,M
166.91113451999058,M,M
170.9534635774666,M,M
161.81034273758462,M,M
162.767521285138,M,M
169.2947945164275,M,M
161.13094606300797,M,M
159.42731133228284,M,M
165.0550185600657,M,M
163.94305142602144,M,M
164.93432263317192,M,M
166.76014551999728,M,M
164.60066963417293,M,M
166.81065615701917,M,M
163.64197162805183,M,M
158.66393781627195,M,F
166.8500992276021,M,M
172.56321977829776,M,M
166.8243712917772,M,M
163.73088576643292,M,M
184.69296693808928,M,M
164.54199840638165,M,M
164.52423938880486,M,M
168.96116927227501,M,M
161.67595702875178,M,M
168.24030920359897,M,M
165.59965157806155,M,M
166.27274171186247,M,M
170.80854028571045,M,M
156.70786992582075,M,F
166.72432879557135,M,M
167.36280056736308,M,M
154.48241072444998,M,F
152.98900553988906,M,F
168.51617824538977,M,M
168.97817602951,M,M
163.9047099414591,M,M
165.0754003106754,M,M
163.76601464383967,M,M
169.3918410074328,M,M
162.09228701531416,M,M
163.0181432074746,M,M
158.61902540648933,M,F
166.81924980176157,M,M
163.02063595384396,M,M
167.6316619427767,M,M
168.32764114989877,M,M
172.14711400425497,M,M
166.23500411134668,M,M
162.39392624436965,M,M
166.75613173211048,M,M
174.2801206670609,M,M
158.46208093776337,M,F
167.33577923607643,M,M
153.97232320309413,M,F
171.77430443842735,M,M
167.52145313732154,M,M
171.83316250233082,M,M
175.24915956233667,M,M
169.88166264168996,M,M
164.0927382695983,M,M
163.29544141087396,M,M
172.69662390571136,M,M
172.7418295834537,M,M
168.36859085739013,M,M
165.0770058992972,M,M
166.53777880840138,M,M
163.5168568303344,M,M
172.1521881010749,M,M
164.36015382426135,M,M
164.84106784815594,M,M
171.772423276574,M,M
163.6872635094028,M,M
168.17910845972065,M,M
162.34349291328198,M,M
162.57841384536596,M,M
168.69428882004394,M,M
161.2165893894635,M,M
170.97576972165422,M,M
169.5374044258187,M,M
163.16696767437838,M,M
164.13832382449013,M,M
165.55336532282723,M,M
173.931816109903,M,M
159.9961908532479,M,M
166.26801651398512,M,M
156.91755972871758,M,F
162.0700478402709,M,M
167.15806447717665,M,M
164.96973654510148,M,M
174.1561473332104,M,M
163.41549386569463,M,M
171.08334500932787,M,M
163.30750995376957,M,M
163.02254628399604,M,M
161.20886711628071,M,M
164.34546918005822,M,M
171.13042792033627,M,M
179.13920510725688,M,M
161.83406204782938,M,M
160.3690122785647,M,M
166.81906344553948,M,M
165.4638991076532,M,M
168.73540049387873,M,M
162.3696883417823,M,M
166.57118633587677,M,M
167.42821512268958,M,M
164.55166048685055,M,M
161.55934564659873,M,M
169.1551244729257,M,M
172.2580653862247,M,M
168.5662778657749,M,M
173.43496627305694,M,M
161.99146027703617,M,M
168.6745228802855,M,M
159.14753225947732,M,M
161.050957066677,M,M
166.0951206102598,M,M
159.45340977525487,M,M
162.28584439575158,M,M
161.18001892132142,M,M
154.287422287542,M,F
175.59077821827975,M,M
165.4434126996175,M,M
160.30985462680323,M,M
165.81681648231134,M,M
165.32168845612136,M,M
161.97106040334657,M,M
161.28463621698222,M,M
172.32930190317197,M,M
169.81692864980155,M,M
163.39856622618885,M,M
163.71557369769965,M,M
173.596417890491,M,M
166.30194770657826,M,M
166.76636842379025,M,M
167.11014155791545,M,M
171.46761935439537,M,M
158.27309946656658,M,F
156.8179843134245,M,F
172.32285741372118,M,M
169.4651409165749,M,M
169.46803041070652,M,M
170.25939034979942,M,M
164.30404089207192,M,M
157.39342479706008,M,F
172.37079570402753,M,M
161.7218736714904,M,M
166.47638136649311,M,M
160.51203917425397,M,M
169.61268997194608,M,M
172.31522998094928,M,M
161.03607519472084,M,M
162.58621314437642,M,M
162.64794460560879,M,M
168.17155828061064,M,M
159.34664229019884,M,M
156.27474777571814,M,F
163.1961836228295,M,M
158.67806479879027,M,F
166.2170901344539,M,M
154.90759113271582,M,F
158.1739239132838,M,F
169.81247348768053,M,M
166.76597764430338,M,M
167.59238596314373,M,M
163.8242265156449,M,M
163.2817812137946,M,M
165.57857658911388,M,M
162.30864356927708,M,M
168.21925431721874,M,M
162.7950955470604,M,M
163.63209664761303,M,M
161.80858307060197,M,M
158.4793366639551,M,F
163.77419906333148,M,M
166.12971616729484,M,M
165.00283688495787,M,M
162.05011903871946,M,M
158.30560033569003,M,F
171.59012513591617,M,M
166.60327484136755,M,M
166.02057738021463,M,M
165.9298225112431,M,M
166.79542175390065,M,M
164.51868879568,M,M
166.75069521154836,M,M
162.9135323712348,M,M
165.97487771040014,M,M
175.32826973232008,M,M
162.72137791697054,M,M
171.39811365607267,M,M
162.2649503369439,M,M
163.76615684693988,M,M
172.8460828478868,M,M
170.54139244041647,M,M
153.33887404995735,M,F
166.39475570998817,M,M
168.9979805927123,M,M
165.8477604326769,M,M
167.87705517922674,M,M
172.93312391645384,M,M
163.85960136455472,M,M
161.1589507951563,M,M
167.837091631988,M,M
166.7893899550942,M,M
176.9280965933934,M,M
164.89714535454326,M,M
165.8132922688372,M,M
161.62420126434176,M,M
161.36642612351187,M,M
162.38969524020072,M,M
162.17120804217024,M,M
168.60014041300505,M,M
168.43406271336247,M,M
169.89840887111197,M,M
172.0671429112385,M,M
173.24581725627797,M,M
164.4960745048818,M,M
167.4996055870987,M,M
163.14210234296024,M,M
168.84993293551395,M,M
161.6787596102524,M,M
167.8738692655775,M,M
167.1946989482292,M,M
166.21614940851373,M,M
173.60716051831255,M,M
166.8051357903979,M,M
171.93231546605185,M,M
167.8805989180293,M,M
164.4179707944012,M,M
167.3508245212481,M,M
165.64553129087207,M,M
163.02479497968176,M,M
166.09803525950548,M,M
165.86233887691208,M,M
171.32996578522545,M,M
174.25981611835203,M,M
163.10992834793862,M,M
171.05371904424626,M,M
151.31356377821345,M,F
170.49167818745877,M,M
163.4256419625729,M,M
169.28252696228418,M,M
166.32048113953982,M,M
164.63264752539808,M,M
161.50729862139087,M,M
166.59082448319478,M,M
160.07116089359812,M,M
166.07768899886625,M,M
166.64870704114173,M,M
169.2950844129066,M,M
167.12419052106858,M,M
167.86235327893198,M,M
172.5560485455437,M,M
168.33117861980134,M,M
163.88443962238412,M,M
166.47793622300165,M,M
165.94801002114065,M,M
177.46876945583404,M,M
162.72737979619063,M,M
168.4014032031768,M,M
169.7648703190735,M,M
165.70877680520408,M,M
170.85350658767734,M,M
169.8460531034137,M,M
165.44309771013423,M,M
159.9344701458196,M,M
162.68358841374896,M,M
164.5130386591209,M,M
174.11299639433676,M,M
160.90355142835153,M,M
164.06693744044006,M,M
171.23561541441705,M,M
171.55104867067445,M,M
171.60850930140785,M,M
156.52746215769858,M,F
171.16644349040436,M,M
163.6239783334551,M,M
170.3627443075828,M,M
161.9374157830701,M,M
170.01317429604643,M,M
159.9564016926875,M,M
168.02174170108808,M,M
167.07274352203746,M,M
162.5367097697412,M,M
175.41777170449305,M,M
176.35028501635685,M,M
165.66197576674878,M,M
158.78548437603143,M,F
170.30210911191256,M,M
164.20291276898337,M,M
164.33110464547417,M,M
164.8135508223936,M,M
159.3938357956444,M,M
169.69911871175663,M,M
172.72587832979517,M,M
171.15220147330857,M,M
170.3692428416382,M,M
160.80336548908605,M,M
160.77031307759546,M,M
171.4614873016313,M,M
162.35398330962988,M,M
167.62547137285534,M,M
163.43748162057148,M,M
169.20648632742024,M,M
168.85226296124281,M,M
170.9005544773151,M,M
166.76858072833667,M,M
170.92548377821927,M,M
167.0583802334622,M,M
162.94762171477194,M,M
172.21593539160537,M,M
168.58984770850387,M,M
161.65816019599336,M,M
168.73795433690483,M,M
166.27901484506447,M,M
170.8842463839269,M,M
161.9898689775362,M,M
157.29037811713138,M,F
158.09139883167805,M,F
167.17272472122738,M,M
161.45260134010402,M,M
174.18669126553732,M,M
169.14666986429134,M,M
168.73755705018223,M,M
168.82204907639428,M,M
171.7722164037866,M,M
164.26982793295053,M,M
170.98054559648332,M,M
169.5783862317853,M,M
165.62307059241806,M,M
172.45595650922994,M,M
171.2174803314807,M,M
168.68619626664398,M,M
169.82804357905124,M,M
159.92207850670698,M,M
170.4693280012218,M,M
169.9576424664633,M,M
161.99539542155074,M,M
167.75151167004987,M,M
166.38750213051227,M,M
157.26631905810564,M,F
167.35571164946768,M,M
163.90454785846396,M,M
168.58743018545115,M,M
162.89344490353037,M,M
163.41104316156276,M,M
158.05728820644552,M,F
164.47693938430862,M,M
166.56485768593652,M,M
160.7675462027834,M,M
168.34671474172325,M,M
161.27207924944761,M,M
173.84173695306373,M,M
161.66576755062553,M,M
172.5659342703323,M,M
167.4463133808169,M,M
160.94062053481966,M,M
163.02121996998846,M,M
168.05275438585514,M,M
168.17965408412377,M,M
169.27635502623679,M,M
161.89017682217352,M,M
157.94850451549488,M,F
173.32093151054505,M,M
162.86406944011563,M,M
165.78805996343073,M,M
164.15186930268754,M,M
167.9371721731751,M,M
171.16278727862215,M,M
165.24600439358503,M,M
160.91901341332562,M,M
161.58244819880574,M,M
167.84712303316218,M,M
163.67791194957147,M,M
163.3143455861088,M,M
161.10473132840718,M,M
163.2750272338596,M,M
167.94222183096988,M,M
162.60988996085646,M,M
171.35189655088513,M,M
178.78921847377453,M,M
168.73967400872678,M,M
162.29988527155868,M,M
167.2042193039645,M,M
174.31122379332112,M,M
166.99671952251603,M,M
162.93798978245985,M,M
171.77610201559864,M,M
170.27530561903475,M,M
167.83433210605514,M,M
164.78715825601634,M,M
159.24197375344966,M,M
178.85145176007515,M,M
165.3113721861702,M,M
167.03928977916783,M,M
164.8826772636094,M,M
168.589043100083,M,M
167.93090264378964,M,M
179.4097925082467,M,M
163.18966782939475,M,M
178.62548562977958,M,M
168.37995945200242,M,M
161.11445192795756,M,M
157.84495354253426,M,F
168.98557399633913,M,M
162.9669545456553,M,M
172.93909077881258,M,M
162.3285521687961,M,M
169.92879590266097,M,M
164.06155901175802,M,M
167.55871844835744,M,M
170.38158784789317,M,M
165.4143324637318,M,M
161.3344058442182,M,M
161.4085554917882,M,M
153.50818198889525,M,F
164.3582274829881,M,M
170.533335114982,M,M
171.8046703424363,M,M
167.29177536044008,M,M
161.38112451827774,M,M
169.26806251670624,M,M
170.32131763224072,M,M
160.81016294652727,M,M
172.2694708051061,M,M
160.8361028218951,M,M
175.53035519402053,M,M
174.52072271751794,M,M
169.9029222011244,M,M
159.8700239900779,M,M
167.99045868859227,M,M
167.08974576187995,M,M
177.27218511366138,M,M
165.17767288286635,M,M
159.45342322175992,M,M
171.6006031888785,M,M
162.7961029458765,M,M
165.46361363781335,M,M
173.09585671417344,M,M
164.82476782658787,M,M
176.44623487678783,M,M
165.04798240817826,M,M
171.1386801400077,M,M
169.93535642418692,M,M
161.59945792103116,M,M
168.92450711400008,M,M
170.21859072944105,M,M
173.30545895804272,M,M
161.00731219045187,M,M
160.95987216065708,M,M
160.2945352982916,M,M
172.96621850699898,M,M
163.74500068199407,M,M
170.38782903509468,M,M
156.51088260020998,M,F
163.91023257305835,M,M
162.12338417711155,M,M
157.08055319526355,M,F
162.22697859302014,M,M
163.06838564378398,M,M
159.35844908401629,M,M
168.57505099929136,M,M
164.1950067377053,M,M
155.5743896080351,M,F
157.28148570191618,M,F
166.28029861131014,M,M
164.75894772817318,M,M
162.17153987862892,M,M
164.94444448752475,M,M
174.67056008251015,M,M
167.65036159571002,M,M
157.48670031076713,M,F
171.94565429017266,M,M
164.74516911685714,M,M
160.44267572904332,M,M
166.15735888502695,M,M
167.90150874726308,M,M
170.71191792574746,M,M
162.2354374906873,M,M
155.4749428461554,M,F
166.4945313010063,M,M
164.90619155404235,M,M
167.6807800775786,M,M
166.20900751232804,M,M
166.3680972582402,M,M
164.19662937145932,M,M
167.57519421483184,M,M
170.0224873934728,M,M
159.8178026811078,M,M
168.29202164456294,M,M
167.2835232656354,M,M
162.9000110636504,M,M
168.89989053566845,M,M
164.21187093916802,M,M
167.1778571269095,M,M
169.24265260866338,M,M
165.97975210081174,M,M
164.26318631927103,M,M
168.8982637022365,M,M
162.77689813463613,M,M
160.45510394990822,M,M
168.77996777577079,M,M
168.73885916262995,M,M
164.15563241711504,M,M
159.48179867142895,M,M
165.1964192570039,M,M
159.07474186165504,M,M
164.59944196925755,M,M
166.13827945546078,M,M
158.84720372283635,M,F
167.59319756316086,M,M
164.42789593280978,M,M
164.96499680055283,M,M
163.87412232861345,M,M
164.51502848311006,M,M
165.8361471263561,M,M
161.8974685234199,M,M
168.38049951807417,M,M
158.27115611948562,M,F
177.078400483242,M,M
167.72576808917248,M,M
163.1771261205103,M,M
162.0670254290992,M,M
162.6184495166269,M,M
165.1191391667986,M,M
164.25641189995198,M,M
169.8487235479586,M,M
170.0886096457607,M,M
170.22478140369327,M,M
162.0228207792242,M,M
169.8001114345329,M,M
160.61935267469698,M,M
156.25623276934218,M,F
160.81931849404975,M,M
167.82813771267226,M,M
165.31769140532253,M,M
161.81229709111506,M,M
161.75336256787213,M,M
170.81824518490282,M,M
156.87310913296486,M,F
165.56436341034095,M,M
171.7293721249292,M,M
168.09960632496612,M,M
169.61705974001862,M,M
160.05346352464545,M,M
169.43954805350882,M,M
164.88778936059998,M,M
169.48926635098664,M,M
167.9143338246544,M,M
167.29180957301648,M,M
171.73211412071285,M,M
160.54686831970838,M,M
161.55255788807688,M,M
164.41421859520864,M,M
172.66740389410324,M,M
167.97675665887866,M,M
164.572147645506,M,M
162.8893448015269,M,M
162.20993016901818,M,M
162.3041563493193,M,M
161.9010589735525,M,M
170.26515176059155,M,M
164.41071334737845,M,M
176.56243001049305,M,M
168.79320786531642,M,M
171.14942919747372,M,M
159.1576017529925,M,M
162.33412752275999,M,M
166.85113950768198,M,M
170.24238480895698,M,M
154.3053476956128,M,F
168.8878503014353,M,M
167.29506706588964,M,M
171.55580137904252,M,M
165.84618570271942,M,M
167.0465075755393,M,M
175.79662548503853,M,M
165.44731182256456,M,M
167.49870445010788,M,M
166.6120802265066,M,M
162.21346936635095,M,M
169.44151935824826,M,M
169.50614292794856,M,M
170.849405240963,M,M
171.6011030448533,M,M
161.57245871548142,M,M
163.90315847549348,M,M
168.11155303629798,M,M
164.95583016745675,M,M
158.08856882571573,M,F
166.30128878569386,M,M
166.30180121919616,M,M
163.01983582712054,M,M
159.71781454535633,M,M
171.522611654741,M,M
163.5872432067619,M,M
172.59456711184552,M,M
171.50140325279474,M,M
160.44849663900752,M,M
165.65885386725077,M,M
167.92017130819002,M,M
167.80070840483455,M,M
157.31176716580916,M,F
172.28391644064098,M,M
168.29861011575431,M,M
168.9518845207756,M,M
168.62838080972978,M,M
169.5013480964812,M,M
158.10007367568642,M,F
168.39024618770438,M,M
167.1675551675594,M,M
162.8956081787699,M,M
166.9265025830199,M,M
169.15760998770202,M,M
165.36876072500667,M,M
164.5796169768819,M,M
166.90157519444958,M,M
168.94981167388713,M,M
164.58488429460928,M,M
171.718267866829,M,M
160.3669216192574,M,M
164.81155567621994,M,M
173.87384276848866,M,M
169.9948389825774,M,M
168.69641734346501,M,M
165.2321770824231,M,M
163.21892601369362,M,M
171.14814122258346,M,M
165.74303255271892,M,M
176.15229269821887,M,M
166.92651133152418,M,M
166.04687706604514,M,M
158.91993070191947,M,F
172.50938187750305,M,M
167.76866368243222,M,M
162.65439018052408,M,M
168.642402645091,M,M
164.83354647037083,M,M
162.25482742913582,M,M
167.16195441050715,M,M
169.9455049444403,M,M
158.37004130860583,M,F
166.62019344537018,M,M
174.10285239917636,M,M
164.75323025789206,M,M
168.48937159746765,M,M
174.49676898771014,M,M
172.15753400761545,M,M
147.8454714855011,M,F
164.17716735695902,M,M
166.6985670702167,M,M
169.89662644884675,M,M
161.94476290952224,M,M
158.1756517504325,M,F
170.49302662602835,M,M
162.92950048511335,M,M
169.13108183929884,M,M
160.87118718677237,M,M
164.67242733742032,M,M
164.36926636198345,M,M
173.41383913130022,M,M
167.288912790094,M,M
163.83659863676152,M,M
162.16539036812574,M,M
168.75194629312173,M,M
162.02419295113899,M,M
168.14390234529833,M,M
